-- phpMyAdmin SQL Dump
-- version 4.0.9
-- http://www.phpmyadmin.net
--
-- Host: localhost
-- Generation Time: Feb 13, 2014 at 11:45 PM
-- Server version: 5.5.34
-- PHP Version: 5.4.22

SET SQL_MODE = "NO_AUTO_VALUE_ON_ZERO";
SET time_zone = "+00:00";


/*!40101 SET @OLD_CHARACTER_SET_CLIENT=@@CHARACTER_SET_CLIENT */;
/*!40101 SET @OLD_CHARACTER_SET_RESULTS=@@CHARACTER_SET_RESULTS */;
/*!40101 SET @OLD_COLLATION_CONNECTION=@@COLLATION_CONNECTION */;
/*!40101 SET NAMES utf8 */;

--
-- Database: `auto531_testdblumaale`
--

-- --------------------------------------------------------

--
-- Table structure for table `auth`
--

CREATE TABLE IF NOT EXISTS `auth` (
  `keymd5` tinyblob NOT NULL
) ENGINE=InnoDB DEFAULT CHARSET=latin1;

--
-- Dumping data for table `auth`
--

INSERT INTO `auth` (`keymd5`) VALUES
(0x3539333361393436623836336333376133643939663037393166366631316131);

-- --------------------------------------------------------

--
-- Table structure for table `categories`
--

CREATE TABLE IF NOT EXISTS `categories` (
  `id` tinyint(3) unsigned NOT NULL AUTO_INCREMENT COMMENT 'Identificador único de categoría y usado para RI.',
  `Category` varchar(50) NOT NULL COMMENT 'Nombre categoría.',
  `Info` text NOT NULL COMMENT 'Información descriptiva de categoría.',
  `url` varchar(100) CHARACTER SET utf8 NOT NULL COMMENT 'Sección correspondiente en el sitio web de la categoría.',
  PRIMARY KEY (`id`)
) ENGINE=InnoDB  DEFAULT CHARSET=latin1 AUTO_INCREMENT=14 ;

--
-- Dumping data for table `categories`
--

INSERT INTO `categories` (`id`, `Category`, `Info`, `url`) VALUES
(1, 'Adventure &amp; Extreme Tours', 'Feel the adrenaline and takes to the Xtreme your holidays in the Mexican Paradise, Enjoy the Sky Dive, Zip lines through the Jungle or feel the Speed at ATVs and waverunners Tours', 'adventure-and-extreme-tours'),
(2, 'Cruises, Sailing &amp; Yacht Tours', 'Get a ride through the Caribbean and Lagoon, Feel the Breeze and capture in your memory the bests sunrises, sunsets and a sky full the stars it&#039;s perfect for Romantic or Party Option, come on...Join us!', 'cruises-sailing-and-yacht-tours'),
(3, 'Family and Friendly Tours', 'like the name says...you can enjoy with your family and friends this Tours and keep the experience for ever! Or also make some new friends!', 'family-and-friendly-tours'),
(4, 'Swim with Dolphins', 'This is an unique opportunity, the Mexican Paradise plus the most beautiful and smart creatures in the ocean... the Dolphins!.\r\nFeel them, sing with them, enjoy them, get to know them, love them and respect them for always!', 'swim-with-dolphins'),
(5, 'Deep Sea Fishing', 'For professionals and Amateurs, live the experience in the Mexican Caribbean, also you can get beautiful views and unique photographs...', 'deep-sea-fishing'),
(6, 'Water Activities', 'Swimming, snorkeling, discover, live, all this and much more...Be prepared and let yourself be carried away by this luxury that we can have life!', 'water-activities'),
(7, 'Chichen Itza Tours', 'Awesome! One of the 7 Wonders of the World!\r\nYou cannot miss visiting Chichen Itza, the place of the Gods, a place full of culture, secrets, beauty and much more ... Do not say no and take the opportunity to know and live this experience.', 'chichen-itza-tours'),
(8, 'Mayan Ruins', 'There are a variety to find the remains of the Maya Ruins, in Yucatan and in the Mayan Riviera, enjoy such as Chichen Itza &ndash;The New Wonder of the World- The combination of beach and Tulum Ruins, Spectacular as Ek Balam, Coba, Uxmal and more.', 'mayan-ruins'),
(9, 'Snorkeling &amp; Scuba Diving', 'Fascinating! The experience life under  water, knowing other spectacular fish and marine animals, is an opportunity not to be missed, so it swimming and enjoying the waters of this magical place... The Mexican Caribbean!', 'snorkeling-and-scuba-diving'),
(10, 'Theme Parks', 'They are places with exceptional natural beauty, where you will find: fun, relax, discover and experience a magical and unforgettable day.', 'theme-parks'),
(12, 'Romantic Tours', 'Enjoy the most beautiful sunset and a romantic night over the calm turquoise water from the Mexican Caribbean, celebrate your honey moon, anniversary, commitment and enjoy the Romantic tours that we have for you, delightful evening in the Lagoon at The Columbus or a sailing in Catamaran with the sunset and after enjoy a gourmet dinner with candles and live sax music, revive, start or keep the flame of love in all its glory.', 'romantic-tours'),
(13, 'NightLife Tours', 'Find your favorite place: Disco, Bar, Lounge like COCOBONGO, THE CITY, DADY&rsquo;O, SWEET, BULLDOG CAF&Eacute;, SR. FROG&rsquo;S, with live music or Kareoke and a lot kind of shows, you can enjoy all kind of music from rock, pop, salsa, disco, funky and more for all generations, also you can have promotions and contests and don&acute;t forget the lady&acute;s night or free open bar.', 'nightlife-tours');

-- --------------------------------------------------------

--
-- Table structure for table `categories_tours`
--

CREATE TABLE IF NOT EXISTS `categories_tours` (
  `category_id` tinyint(3) unsigned NOT NULL COMMENT 'Identificador único de filas de tabla categoríes.',
  `Tour_id` tinyint(3) unsigned NOT NULL COMMENT 'Identificador de tour.',
  PRIMARY KEY (`category_id`,`Tour_id`),
  KEY `FK_categories_tours_has_tours_idx` (`Tour_id`)
) ENGINE=InnoDB DEFAULT CHARSET=latin1;

--
-- Dumping data for table `categories_tours`
--

INSERT INTO `categories_tours` (`category_id`, `Tour_id`) VALUES
(1, 1),
(3, 1),
(6, 1),
(9, 1),
(1, 2),
(3, 2),
(5, 2),
(3, 3),
(4, 3),
(6, 3),
(3, 4),
(4, 4),
(6, 4),
(1, 5),
(3, 5),
(6, 5),
(1, 6),
(3, 6),
(3, 7),
(1, 8),
(3, 8),
(6, 8),
(3, 9),
(3, 10),
(8, 10),
(1, 11),
(3, 11),
(6, 11),
(10, 11),
(3, 12),
(6, 12),
(9, 12),
(10, 12),
(13, 12),
(3, 13),
(6, 13),
(9, 13),
(10, 13),
(1, 14),
(2, 14),
(3, 14),
(13, 14),
(3, 15),
(8, 15),
(10, 15),
(1, 16),
(3, 16),
(6, 16),
(9, 16),
(1, 17),
(1, 18),
(3, 18),
(2, 19),
(3, 19),
(6, 19),
(9, 19),
(1, 20),
(3, 20),
(6, 20),
(1, 21),
(3, 21),
(6, 21),
(9, 21),
(10, 21),
(8, 22),
(1, 23),
(1, 24),
(3, 24),
(6, 24),
(9, 24),
(10, 24),
(2, 25),
(13, 25),
(3, 26),
(6, 26),
(12, 26),
(1, 27),
(3, 27),
(6, 27),
(9, 27),
(3, 43),
(4, 43),
(6, 43),
(1, 44),
(3, 44),
(6, 44),
(9, 44),
(3, 45),
(6, 45),
(1, 46),
(3, 47),
(6, 47),
(9, 47),
(3, 49),
(6, 49),
(8, 49),
(1, 50),
(3, 50),
(6, 50),
(8, 50),
(3, 53),
(6, 53),
(8, 53),
(7, 55),
(8, 55),
(3, 56),
(6, 56),
(8, 56),
(1, 57),
(6, 57),
(8, 57),
(9, 57),
(3, 58),
(7, 58),
(8, 58),
(13, 60),
(1, 61),
(2, 62),
(6, 62),
(9, 62);

-- --------------------------------------------------------

--
-- Table structure for table `ct_paypal`
--

CREATE TABLE IF NOT EXISTS `ct_paypal` (
  `txn_id` varchar(30) NOT NULL,
  `txn_type` varchar(10) NOT NULL,
  `invoice` varchar(10) NOT NULL,
  `payment_type` varchar(10) DEFAULT NULL,
  `payment_date` varchar(50) DEFAULT NULL,
  `payment_status` varchar(15) DEFAULT NULL,
  `address_status` varchar(20) DEFAULT NULL,
  `payer_status` varchar(20) DEFAULT NULL,
  `first_name` varchar(100) DEFAULT NULL,
  `last_name` varchar(100) DEFAULT NULL,
  `payer_email` varchar(100) DEFAULT NULL,
  `payer_id` varchar(15) DEFAULT NULL,
  `mc_currency` varchar(45) DEFAULT NULL,
  `mc_fee` varchar(45) DEFAULT NULL,
  `mc_gross` varchar(45) DEFAULT NULL,
  PRIMARY KEY (`txn_id`)
) ENGINE=InnoDB DEFAULT CHARSET=latin1;

-- --------------------------------------------------------

--
-- Table structure for table `galleries`
--

CREATE TABLE IF NOT EXISTS `galleries` (
  `id` smallint(3) NOT NULL AUTO_INCREMENT COMMENT 'Identificador único de filas de galleries y usado para RI.',
  `Tour_id` tinyint(3) unsigned NOT NULL COMMENT 'Identificador de tour.',
  `Pics` varchar(100) CHARACTER SET utf8 DEFAULT NULL COMMENT 'Imagenes de gallerías.',
  PRIMARY KEY (`id`),
  KEY `FK_galleries_has_tours_idx` (`Tour_id`)
) ENGINE=InnoDB  DEFAULT CHARSET=latin1 AUTO_INCREMENT=142 ;

--
-- Dumping data for table `galleries`
--

INSERT INTO `galleries` (`id`, `Tour_id`, `Pics`) VALUES
(26, 7, 'images/pictures/702973.gif'),
(27, 7, 'images/pictures/751577.gif'),
(28, 7, 'images/pictures/716683.gif'),
(29, 7, 'images/pictures/702791.gif'),
(30, 14, 'images/pictures/1489130.gif'),
(31, 14, 'images/pictures/1442254.gif'),
(32, 14, 'images/pictures/1442781.gif'),
(33, 14, 'images/pictures/1452713.gif'),
(34, 55, 'images/pictures/5547573.gif'),
(35, 55, 'images/pictures/5543479.gif'),
(36, 55, 'images/pictures/5504545.gif'),
(37, 55, 'images/pictures/5534962.gif'),
(38, 49, 'images/pictures/4993769.gif'),
(39, 49, 'images/pictures/4930456.gif'),
(40, 49, 'images/pictures/4919916.gif'),
(41, 49, 'images/pictures/4968161.gif'),
(42, 58, 'images/pictures/5803146.gif'),
(43, 58, 'images/pictures/5846480.gif'),
(44, 58, 'images/pictures/5860675.gif'),
(45, 58, 'images/pictures/5831142.gif'),
(46, 58, 'images/pictures/5808960.gif'),
(47, 58, 'images/pictures/5878872.gif'),
(48, 56, 'images/pictures/5690069.gif'),
(49, 56, 'images/pictures/5650112.gif'),
(50, 56, 'images/pictures/5617083.gif'),
(51, 56, 'images/pictures/5647842.gif'),
(52, 56, 'images/pictures/5699056.gif'),
(53, 6, 'images/pictures/654112.gif'),
(54, 6, 'images/pictures/644725.gif'),
(55, 6, 'images/pictures/620579.gif'),
(56, 6, 'images/pictures/684003.gif'),
(57, 5, 'images/pictures/529040.gif'),
(58, 5, 'images/pictures/543131.gif'),
(59, 5, 'images/pictures/505732.jpg'),
(60, 60, 'images/pictures/6019895.gif'),
(61, 60, 'images/pictures/6054296.gif'),
(62, 60, 'images/pictures/6024526.gif'),
(63, 60, 'images/pictures/6031359.gif'),
(64, 60, 'images/pictures/6093843.gif'),
(65, 8, 'images/pictures/890875.gif'),
(66, 8, 'images/pictures/850119.gif'),
(67, 8, 'images/pictures/894518.gif'),
(68, 8, 'images/pictures/808211.gif'),
(69, 8, 'images/pictures/829547.gif'),
(70, 8, 'images/pictures/889423.gif'),
(71, 44, 'images/pictures/4446911.gif'),
(72, 44, 'images/pictures/4462920.gif'),
(73, 44, 'images/pictures/4434691.gif'),
(74, 44, 'images/pictures/4406278.gif'),
(75, 44, 'images/pictures/4464364.gif'),
(76, 22, 'images/pictures/2218255.gif'),
(77, 22, 'images/pictures/2265972.gif'),
(78, 22, 'images/pictures/2273282.gif'),
(79, 22, 'images/pictures/2207103.gif'),
(80, 26, 'images/pictures/2669614.gif'),
(81, 26, 'images/pictures/2697879.gif'),
(82, 26, 'images/pictures/2682007.gif'),
(83, 26, 'images/pictures/2615763.gif'),
(84, 26, 'images/pictures/2607905.gif'),
(85, 61, 'images/pictures/6118579.gif'),
(86, 61, 'images/pictures/6194525.gif'),
(87, 61, 'images/pictures/6117366.gif'),
(88, 61, 'images/pictures/6145177.gif'),
(89, 61, 'images/pictures/6125008.gif'),
(90, 61, 'images/pictures/6103206.gif'),
(91, 57, 'images/pictures/5728137.gif'),
(92, 57, 'images/pictures/5744826.gif'),
(93, 57, 'images/pictures/5704596.gif'),
(94, 57, 'images/pictures/5708291.gif'),
(95, 57, 'images/pictures/5762338.gif'),
(96, 57, 'images/pictures/5713602.gif'),
(97, 53, 'images/pictures/5310876.gif'),
(98, 53, 'images/pictures/5331788.gif'),
(99, 53, 'images/pictures/5316993.gif'),
(100, 53, 'images/pictures/5324748.gif'),
(101, 53, 'images/pictures/5398624.gif'),
(102, 53, 'images/pictures/5332513.gif'),
(103, 23, 'images/pictures/2301775.gif'),
(104, 23, 'images/pictures/2328255.gif'),
(105, 23, 'images/pictures/2303337.gif'),
(106, 23, 'images/pictures/2393195.gif'),
(107, 23, 'images/pictures/2383546.gif'),
(108, 23, 'images/pictures/2325639.gif'),
(109, 10, 'images/pictures/1054390.png'),
(110, 10, 'images/pictures/1006120.png'),
(111, 10, 'images/pictures/1031401.png'),
(112, 10, 'images/pictures/1084561.png'),
(113, 11, 'images/pictures/1140140.png'),
(114, 11, 'images/pictures/1198454.png'),
(115, 11, 'images/pictures/1165381.png'),
(116, 11, 'images/pictures/1156211.png'),
(117, 12, 'images/pictures/1213323.png'),
(118, 12, 'images/pictures/1287015.png'),
(119, 12, 'images/pictures/1258795.png'),
(120, 12, 'images/pictures/1291036.png'),
(121, 12, 'images/pictures/1237338.png'),
(122, 21, 'images/pictures/2113832.png'),
(123, 21, 'images/pictures/2189172.png'),
(124, 21, 'images/pictures/2179482.png'),
(125, 21, 'images/pictures/2118210.png'),
(126, 21, 'images/pictures/2191283.png'),
(127, 13, 'images/pictures/1312150.png'),
(128, 13, 'images/pictures/1373348.png'),
(129, 13, 'images/pictures/1346221.png'),
(131, 1, 'images/pictures/162820.png'),
(132, 1, 'images/pictures/187412.png'),
(133, 1, 'images/pictures/183395.png'),
(134, 1, 'images/pictures/151076.png'),
(135, 1, 'images/pictures/171771.png'),
(136, 1, 'images/pictures/123396.png'),
(137, 1, 'images/pictures/139246.png'),
(138, 15, 'images/pictures/1554778.png'),
(139, 15, 'images/pictures/1557887.png'),
(140, 15, 'images/pictures/1579309.png'),
(141, 15, 'images/pictures/1508796.png');

-- --------------------------------------------------------

--
-- Table structure for table `locations`
--

CREATE TABLE IF NOT EXISTS `locations` (
  `id` tinyint(2) NOT NULL AUTO_INCREMENT COMMENT 'Identificador único de filas de locations y usado para RI.',
  `Destination` varchar(100) NOT NULL COMMENT 'Destino geográfica donde se envían tours.',
  PRIMARY KEY (`id`)
) ENGINE=InnoDB  DEFAULT CHARSET=latin1 AUTO_INCREMENT=8 ;

--
-- Dumping data for table `locations`
--

INSERT INTO `locations` (`id`, `Destination`) VALUES
(1, 'Cancun'),
(2, 'Riviera Maya'),
(3, 'Playa del Carmen'),
(4, 'Puerto Morelos'),
(5, 'Tulum'),
(6, 'Isla Mujeres - Puerto Aventuras'),
(7, 'Island Contoy');

-- --------------------------------------------------------

--
-- Table structure for table `rates_loc`
--

CREATE TABLE IF NOT EXISTS `rates_loc` (
  `id` tinyint(3) unsigned NOT NULL AUTO_INCREMENT COMMENT 'Identificador único de filas de rates_loc y usado para RI.',
  `Adult` decimal(6,2) DEFAULT '0.00' COMMENT 'Costo en USD por adulto.',
  `Kid` decimal(6,2) DEFAULT '0.00' COMMENT 'Costo en USD por niño.',
  `Loc` enum('0','1','2') CHARACTER SET utf8 NOT NULL DEFAULT '0',
  `Info` varchar(100) NOT NULL,
  `Tour_id` tinyint(3) unsigned NOT NULL COMMENT 'Identificador de tour.',
  PRIMARY KEY (`id`),
  KEY `FK_rates_loc_has_tours_idx` (`Tour_id`)
) ENGINE=InnoDB  DEFAULT CHARSET=latin1 AUTO_INCREMENT=11 ;

--
-- Dumping data for table `rates_loc`
--

INSERT INTO `rates_loc` (`id`, `Adult`, `Kid`, `Loc`, `Info`, `Tour_id`) VALUES
(1, '119.00', '89.00', '', '', 24),
(2, '89.00', '69.00', '', '', 24),
(3, '119.00', '89.00', '', '', 24),
(4, '89.00', '69.00', '', '', 24),
(5, '109.00', '89.00', '', '', 23),
(6, '89.00', '69.00', '', '', 23),
(7, '139.00', '109.00', '', '', 61),
(8, '126.00', '89.00', '', '', 61),
(9, '129.00', '99.00', '', '', 57),
(10, '116.00', '79.00', '', '', 57);

-- --------------------------------------------------------

--
-- Table structure for table `rates_one`
--

CREATE TABLE IF NOT EXISTS `rates_one` (
  `id` tinyint(3) unsigned NOT NULL AUTO_INCREMENT COMMENT 'Identificador único de filas de rates_one y usado para RI.',
  `Price` decimal(7,2) NOT NULL COMMENT 'Precio normal en USD.',
  `Info` varchar(50) NOT NULL COMMENT 'Información especifica por paquete.',
  `Tour_id` tinyint(3) unsigned NOT NULL COMMENT 'Identificador de tour.',
  PRIMARY KEY (`id`),
  KEY `FK_rates_one_has_tours_idx` (`Tour_id`)
) ENGINE=InnoDB  DEFAULT CHARSET=latin1 AUTO_INCREMENT=11 ;

--
-- Dumping data for table `rates_one`
--

INSERT INTO `rates_one` (`id`, `Price`, `Info`, `Tour_id`) VALUES
(1, '650.00', 'Van express (1-4)', 58),
(2, '750.00', 'Van express (6-8)', 58),
(3, '750.00', 'Suburban (1-5 pax)', 58),
(4, '450.00', 'Van express (1-4)', 53),
(5, '550.00', 'Van express (6-8)', 53),
(6, '550.00', 'Suburban (1-5 pax)', 53),
(7, '135.00', 'Single', 27),
(8, '103.00', 'Shared', 27),
(9, '99.00', 'Columbus Lobster', 25),
(10, '79.00', 'Columbus Lobster Vegetarian', 25);

-- --------------------------------------------------------

--
-- Table structure for table `reservation`
--

CREATE TABLE IF NOT EXISTS `reservation` (
  `id` smallint(6) NOT NULL AUTO_INCREMENT COMMENT 'Identificador único reservation.',
  `Reservation_id` varchar(10) CHARACTER SET utf8 NOT NULL COMMENT 'Clave de la reservación.',
  `Status` varchar(25) CHARACTER SET utf8 NOT NULL COMMENT 'Estado actual de reservación pending y confirmed.',
  `Name` varchar(70) NOT NULL COMMENT 'Nombre de la persona que hizo la reservación.',
  `Email` varchar(30) CHARACTER SET utf8 NOT NULL COMMENT 'Email de la persona que hizo la reservación.',
  `Date` date NOT NULL COMMENT 'Fecha de reservación.',
  `Schedule` smallint(3) NOT NULL COMMENT 'Hora en la que se realizará el tour.',
  `Hotel` varchar(70) NOT NULL COMMENT 'Hotel de referencia.',
  `HotelName` varchar(70) NOT NULL COMMENT 'Nombre de referencia en hotel.',
  `Tour_id` tinyint(3) unsigned NOT NULL COMMENT 'Tipo de tour.',
  `Adult` tinyint(2) unsigned NOT NULL COMMENT 'Número de adultos.',
  `Child` tinyint(2) unsigned NOT NULL COMMENT 'Número de niños.',
  `IdRatesLoc` tinyint(3) unsigned NOT NULL COMMENT 'Agrega costos por adulto y niños.',
  `IdRatesOne` tinyint(3) unsigned NOT NULL COMMENT 'Agrega precios por paquete.',
  `SpecialRequest` text NOT NULL COMMENT 'Requerimientos especial del reservan.',
  `Total` decimal(6,2) NOT NULL COMMENT 'Precio total del tour.',
  `ip` varchar(20) CHARACTER SET utf8 NOT NULL,
  `current_reservation` timestamp NOT NULL DEFAULT CURRENT_TIMESTAMP ON UPDATE CURRENT_TIMESTAMP,
  PRIMARY KEY (`id`),
  UNIQUE KEY `reservation_id_UNIQUE` (`Reservation_id`),
  KEY `FK_reservation_has_schedule_idx` (`Schedule`),
  KEY `FK_reservation_has_tours_idx` (`Tour_id`),
  KEY `FK_reservation_has_rates_loc_idx` (`IdRatesLoc`),
  KEY `FK_reservation_has_rates_one_idx` (`IdRatesOne`)
) ENGINE=InnoDB DEFAULT CHARSET=latin1 AUTO_INCREMENT=1 ;

-- --------------------------------------------------------

--
-- Table structure for table `schedule`
--

CREATE TABLE IF NOT EXISTS `schedule` (
  `id` smallint(3) NOT NULL AUTO_INCREMENT COMMENT 'Identificador único de filas de schedule y usado para RI.',
  `Tour_id` tinyint(3) unsigned NOT NULL COMMENT 'Identificador de tour.',
  `Schedule` time NOT NULL COMMENT 'Hora de tour.',
  PRIMARY KEY (`id`),
  KEY `FK_schedule_has_tours_idx` (`Tour_id`)
) ENGINE=InnoDB  DEFAULT CHARSET=latin1 AUTO_INCREMENT=5 ;

--
-- Dumping data for table `schedule`
--

INSERT INTO `schedule` (`id`, `Tour_id`, `Schedule`) VALUES
(1, 1, '08:00:00'),
(2, 1, '08:30:00'),
(3, 1, '09:30:00'),
(4, 1, '12:00:00');

-- --------------------------------------------------------

--
-- Table structure for table `supplier`
--

CREATE TABLE IF NOT EXISTS `supplier` (
  `id` tinyint(3) unsigned NOT NULL AUTO_INCREMENT COMMENT 'Identificador único de filas de Supplier y usado para RI.',
  `Supplier` varchar(45) NOT NULL COMMENT 'Nombre de Supplier o proveedor de tours.',
  PRIMARY KEY (`id`)
) ENGINE=InnoDB  DEFAULT CHARSET=latin1 AUTO_INCREMENT=33 ;

--
-- Dumping data for table `supplier`
--

INSERT INTO `supplier` (`id`, `Supplier`) VALUES
(1, 'ALLTOURNATIVE'),
(2, 'AQUAWORLD'),
(3, 'AQUATOURS - DOLPHIN DISCOVERY'),
(5, 'SELVATURA MEXICO'),
(6, 'BOATS YACHTSE'),
(7, 'CANCUN AQUATIC MOTO'),
(8, 'CANCUN PASSION'),
(9, 'CANCUN SIGHTSEEING'),
(10, 'DIVERSSION TOURS'),
(11, 'CAPITAN HOOK'),
(12, 'DANCER CRUISE - CATAMARAN'),
(13, 'ECO AVENTURA PUNTA VENADO'),
(14, 'EQUINOX'),
(15, 'EXPERIENCIAS XCARET'),
(16, 'HIVISA VIAJES'),
(17, 'RIO SECRETO'),
(18, 'SELVATICA'),
(19, 'SEA PASSION - PASION DEL MAR'),
(20, 'MAYALAND TOURS'),
(21, 'MAROMA PARADISE'),
(22, 'FRAGATA'),
(23, 'SEÑOR FROGS'),
(24, 'SOLFERINO'),
(25, 'VIAJES ACUATICOS TURQUESA - MAROMA'),
(26, 'UH NAJIL EK BALAM'),
(27, 'SABACCHE'),
(28, 'DOLPHINARIS (WET N'' WILD)'),
(29, 'TIERRA PICH - Aventuras Mayas'),
(30, 'SEA FRIENDS TOURS'),
(31, 'LUMAALE'),
(32, 'COCO BONGO');

-- --------------------------------------------------------

--
-- Table structure for table `tours`
--

CREATE TABLE IF NOT EXISTS `tours` (
  `id` tinyint(3) unsigned NOT NULL AUTO_INCREMENT COMMENT 'Identificador único de fila y usado para RI.',
  `Tour` varchar(100) NOT NULL COMMENT 'Nombre de tour.',
  `Description` text NOT NULL COMMENT 'Descripción especifica.',
  `Include` text NOT NULL COMMENT 'Información detallada sobre que incluye.',
  `NotInclude` text COMMENT 'Información detallada sobre lo que no incluye.',
  `Itinerary` text NOT NULL COMMENT 'Información detallada del itinerario.',
  `Frequency` varchar(50) NOT NULL COMMENT 'Frecuencia a la semana de salidas.',
  `Recommendation` text COMMENT 'Recomendaciones asociadas a cada tour.',
  `AdultPrice` decimal(6,2) NOT NULL COMMENT 'Precio en USD por adulto.',
  `KidPrice` decimal(6,2) NOT NULL COMMENT 'Precio USD por niño.',
  `Map` varchar(100) CHARACTER SET utf8 DEFAULT NULL COMMENT 'Mapa que muestra en el sitio web.',
  `Youtube` varchar(100) CHARACTER SET utf8 DEFAULT NULL COMMENT 'Video que muestra en sitio web.',
  `url` varchar(100) CHARACTER SET utf8 NOT NULL COMMENT 'Sección correspondiente en el sitio web.',
  `Supplier` tinyint(3) unsigned NOT NULL,
  `Thumbnail` varchar(100) CHARACTER SET utf8 DEFAULT NULL COMMENT 'Imagen miniatura que se muestra en sitio web.',
  `Location` tinyint(2) NOT NULL COMMENT 'Lugar geográfica de destino.',
  `ListPrice` text COMMENT 'Listado de precios mostrado en sitio web.',
  `Kid` enum('1','0') CHARACTER SET utf8 NOT NULL DEFAULT '1' COMMENT 'Si el tour no acepta o acepta niños.',
  `Type` enum('0','1','2','3') CHARACTER SET utf8 NOT NULL DEFAULT '0' COMMENT 'Tipo de precios: 0 = No hay precios, 1=precio normal, 2 = precios de tabla rates_loc, 3 = precios de rates_one.',
  `title` varchar(100) NOT NULL COMMENT 'Título mostrado en el sitio web.',
  `metakeywords` varchar(260) DEFAULT NULL,
  `metadescription` varchar(260) DEFAULT NULL,
  `active` enum('0','1') CHARACTER SET utf8 NOT NULL DEFAULT '0' COMMENT 'El tour esta 0=inactivo o 1=activo.',
  PRIMARY KEY (`id`),
  KEY `FK_tours_has_locations_idx` (`Location`),
  KEY `FK_tours_has_supplier_idx` (`Supplier`)
) ENGINE=InnoDB  DEFAULT CHARSET=latin1 AUTO_INCREMENT=63 ;

--
-- Dumping data for table `tours`
--

INSERT INTO `tours` (`id`, `Tour`, `Description`, `Include`, `NotInclude`, `Itinerary`, `Frequency`, `Recommendation`, `AdultPrice`, `KidPrice`, `Map`, `Youtube`, `url`, `Supplier`, `Thumbnail`, `Location`, `ListPrice`, `Kid`, `Type`, `title`, `metakeywords`, `metadescription`, `active`) VALUES
(1, 'Jungle Tour Adventure - Speed Boat', '&lt;p&gt;&amp;nbsp;&lt;/p&gt;\n&lt;p&gt;On a fabulous &lt;strong&gt;Speed Boat &lt;/strong&gt;explore the emerald green &lt;strong&gt;Nichupt&amp;eacute; Lagoon &lt;/strong&gt;and enter at the amazing mangrove, also snorkel 45 min. at the Nizuc reef.&lt;/p&gt;\n&lt;p&gt;This experience is amazing you can enjoy 2 activities in the same place and time.&lt;/p&gt;\n&lt;p&gt;&lt;span&gt;Start the most exciting &amp;ldquo;Jungle Tour&amp;rdquo; feeling the breeze on your face while driving your own two-seater speedboat through the lagoon, channels and mangroves until you arrive at a beautiful coral reef offshore. Tie your boat up and jump into the Caribbean waters where you&amp;rsquo;ll snorkel among the most colorful tropical fish. Visit one of the most beautiful coral reef and get amazed with its diverse ferns and sponges.&lt;/span&gt;&lt;/p&gt;\n&lt;p&gt;&lt;span style=&quot;color: #333333; font-family: &#039;Trebuchet MS&#039;, Arial, Helvetica, sans-serif; font-size: 12px;&quot;&gt;&amp;nbsp;&lt;/span&gt;&lt;/p&gt;', '&lt;ul&gt;\r\n&lt;li&gt;1 bottle water&lt;/li&gt;\r\n&lt;li&gt;Life Jacket&lt;/li&gt;\r\n&lt;li&gt;Equipment (snorkel tube is yours to keep)&lt;/li&gt;\r\n&lt;/ul&gt;', 'US$3 Federal Marine Park and dock fee payable upon check in.\r\n\r\nGround Transportation (please call us and ask for a quotation)', '&lt;ul&gt;\r\n&lt;li&gt;Register&lt;/li&gt;\r\n&lt;li&gt;Briefing and Instruction&lt;/li&gt;\r\n&lt;li&gt;Discover the Mangrove&lt;/li&gt;\r\n&lt;li&gt;Snorkel&lt;/li&gt;\r\n&lt;li&gt;Have fun!&lt;/li&gt;\r\n&lt;/ul&gt;\r\n&lt;p&gt;&amp;nbsp;&lt;/p&gt;', 'DAILY', '&lt;p&gt;&lt;strong&gt;Meeting point&lt;/strong&gt;: Boulevard Kukulc&amp;aacute;n Km 6.5 Int.Marina Aqua Tours. Canc&amp;uacute;n Hotel Zone&lt;/p&gt;\r\n&lt;p&gt;&lt;strong&gt;Duration&lt;/strong&gt;: 2 hours and a half&lt;/p&gt;\r\n&lt;p&gt;&lt;strong&gt;Minimum driver age&lt;/strong&gt;: 18 years&lt;/p&gt;\r\n&lt;p&gt;&lt;strong&gt;Minimum Passenger age&lt;/strong&gt;: 10 years&lt;/p&gt;\r\n&lt;p&gt;&lt;strong&gt;**Do not allow pregnant Women&lt;/strong&gt;&lt;/p&gt;\r\n&lt;p&gt;&lt;strong&gt;we suggest to bring:&lt;/strong&gt;&lt;/p&gt;\r\n&lt;p&gt;swim suit&lt;/p&gt;\r\n&lt;p&gt;Biodegradable sun block&lt;/p&gt;\r\n&lt;p&gt;Towel&lt;/p&gt;\r\n&lt;p&gt;&amp;nbsp;&lt;/p&gt;', '69.00', '49.00', NULL, NULL, 'jungle-tour-speed-boat', 3, 'images/pictures/113546.png', 1, NULL, '0', '1', 'Jungle Tour - Speed Boat | cancun water activities | boat tour			', 'jungle tour cancun,cancun water activities,jungle tour cancun,cancun jungle tour,speed boat tour,speedboat tours,speed boat rides,tours cancun,jungle tours,horse back riding in cancun.', ' Jungle Tour speedboat for 45 minutes, James Bond style, across the Nichupte Lagoon through the twisting mangrove channels in to the Mexican Caribbean.', '1'),
(2, 'Fishing in Cancun', '&lt;p&gt;Cancun has been named in &lt;strong&gt;the top 20 places for billfishing &lt;/strong&gt;and also provides excellent game for light tackle.&lt;/p&gt;\r\n&lt;p&gt;Charter a half or full day fishing boat with us and our bilingual captains will make sure you have a &lt;strong&gt;great time&lt;/strong&gt;.&lt;/p&gt;\r\n&lt;p&gt;The Captains will take you to the &lt;strong&gt;prime spots &lt;/strong&gt;to catch &lt;strong&gt;Sailfish&lt;/strong&gt;, &lt;strong&gt;Marlin&lt;/strong&gt;, &lt;strong&gt;Bonito&lt;/strong&gt;, &lt;strong&gt;Wahoo&lt;/strong&gt;, &lt;strong&gt;Barracuda&lt;/strong&gt;, &lt;strong&gt;Grouper&lt;/strong&gt;... the list is endless.&lt;/p&gt;\r\n&lt;p&gt;We offers &lt;strong&gt;private&lt;/strong&gt; and &lt;strong&gt;shared&lt;/strong&gt; options so we can cater for your group or individuals.&lt;/p&gt;\r\n&lt;p&gt;There are plenty of beverages available consisting of water, sodas and beers.&lt;/p&gt;\r\n&lt;p&gt;Catch that evening&amp;acute;s dinner and the crew will be onhand to &lt;strong&gt;prepare it for you&lt;/strong&gt;!&lt;/p&gt;\r\n&lt;p&gt;&amp;nbsp;&lt;/p&gt;', '&lt;ul&gt;\r\n&lt;li&gt;Beverage (Water, Sodas and beers)&lt;/li&gt;\r\n&lt;li&gt;Equipment&lt;/li&gt;\r\n&lt;li&gt;Bilingual Captain&lt;/li&gt;\r\n&lt;li&gt;Crew&lt;/li&gt;\r\n&lt;/ul&gt;', 'US$3 Dock Fee Payable upon check-in p/p\r\n \r\nGround Transportation (please call us and ask for a quotation)', '&lt;ul&gt;\r\n&lt;li&gt;Register&lt;/li&gt;\r\n&lt;li&gt;Briefing and Instruction&lt;/li&gt;\r\n&lt;li&gt;Start the adventure&lt;/li&gt;\r\n&lt;/ul&gt;\r\n&lt;p&gt;&amp;nbsp;&lt;/p&gt;', 'MONDAY TO  SATURDAY', '&lt;p&gt;&lt;span style=&quot;text-decoration: underline;&quot;&gt;Meeting Point: Boulevard Kukulcan Km.15.2 interior Marine AquaWorld&lt;/span&gt;&lt;/p&gt;\r\n&lt;p&gt;&lt;strong&gt;Departures&lt;/strong&gt;: at 7 am or 1 pm&lt;/p&gt;\r\n&lt;p&gt;&lt;strong&gt;Shared Charters&lt;/strong&gt;: Minimum 2 pax to depart, maximum 6&lt;/p&gt;\r\n&lt;p&gt;&lt;strong&gt;Private Chartes&lt;/strong&gt;: Maximum 8 pax&lt;/p&gt;\r\n&lt;p&gt;&lt;strong&gt;Durations&lt;/strong&gt;: 4,6,8 or 12 hours&lt;/p&gt;\r\n&lt;p&gt;Once you have arrangements, all you need to do is make your way to the marina Aquaworlk which is very conveniently located and easy to find.&lt;/p&gt;\r\n&lt;p&gt;Check in at the Marina&amp;acute;s reception where you will be given your boarding pass sent to meet your captain and the crew of your cancun fishing charter.&lt;/p&gt;\r\n&lt;p&gt;Please Bring:&lt;/p&gt;\r\n&lt;ul&gt;\r\n&lt;li&gt;Comfortable clothe&lt;/li&gt;\r\n&lt;li&gt;sunblock&lt;/li&gt;\r\n&lt;li&gt;camera&lt;/li&gt;\r\n&lt;li&gt;hat&lt;/li&gt;\r\n&lt;li&gt;sun glasses&lt;/li&gt;\r\n&lt;li&gt;extra cash, for tips, photo and video, souvenirs&lt;/li&gt;\r\n&lt;/ul&gt;\r\n&lt;p&gt;we recommend have a &lt;strong&gt;light breakfast &lt;/strong&gt;before your Trip.&lt;/p&gt;\r\n&lt;p&gt;&amp;nbsp;&lt;/p&gt;\r\n&lt;p&gt;&amp;nbsp;&amp;nbsp;&amp;nbsp;&amp;nbsp;&amp;nbsp;&amp;nbsp;&amp;nbsp;&amp;nbsp;&amp;nbsp;&amp;nbsp;&amp;nbsp;&amp;nbsp;&amp;nbsp;&amp;nbsp;&amp;nbsp;&amp;nbsp;&amp;nbsp;&amp;nbsp;&amp;nbsp;&amp;nbsp;&amp;nbsp;&amp;nbsp;&amp;nbsp;&amp;nbsp;&amp;nbsp;&amp;nbsp;&amp;nbsp;&amp;nbsp;&amp;nbsp;&amp;nbsp;&amp;nbsp;&amp;nbsp;&amp;nbsp;&amp;nbsp;&amp;nbsp;&amp;nbsp;&amp;nbsp;&amp;nbsp;&amp;nbsp;&amp;nbsp;&amp;nbsp;&amp;nbsp;&amp;nbsp;&amp;nbsp;&amp;nbsp; and..... &lt;strong&gt;GOOD FISHING!!!!!!!!&lt;/strong&gt;&lt;/p&gt;', '0.00', '0.00', NULL, NULL, 'fishing', 2, 'images/pictures/0rfadwpminifishing.jpg', 1, '&lt;p&gt;Shared: US$139 P/P&lt;/p&gt;\r\n&lt;p&gt;Private 4 hrs: US$556&lt;/p&gt;\r\n&lt;p&gt;Private 6 hrs: US$667&lt;/p&gt;\r\n&lt;p&gt;Private 8 hrs: US$778&lt;/p&gt;\r\n&lt;p&gt;Private 10 hrs: US$999&lt;/p&gt;', '0', '3', 'fishing in cancun  | fishing tours | fishing adventures', 'fishing in cancun,cancun attractions,cancun sea,cancun fishing,fishing cancun,fishing adventures,vacations fishing,fishing tours,travel cancun,tours to yucatan.', 'In the exciting world of fishing,the mexican caribbean offers an adventure. you will find s,mahi-mamahis,baracudas,tunas,groupers,sharks and many other fishes', '1'),
(3, 'Dolphin Royal Swim All Inclusive', '&lt;p&gt;This is, undoubtedly, the most famos of Dolphin&amp;acute;s Programs and can be summarized in two words: &lt;strong&gt;ACTION AND SPEED&lt;/strong&gt;&lt;/p&gt;\n&lt;p&gt;&lt;strong&gt;Two Dolphins &lt;/strong&gt;welcome you with an affectionate &lt;strong&gt;handshake&lt;/strong&gt;, a &lt;strong&gt;kiss&lt;/strong&gt; on the check, and let you give them one back. Later, they take you for a &lt;strong&gt;Speedy ride &lt;/strong&gt;while you hold on to their fins.&lt;/p&gt;\n&lt;p&gt;The most thrilling moment of this program is during the &lt;strong&gt;FOOT-PUSH&lt;/strong&gt;, when you feel all the strenght of your new friends while they push you across the water from the bottom of your feet.&lt;/p&gt;\n&lt;p&gt;it is truly.... the &lt;strong&gt;EXPERIENCE OF A LIFETIME!!&lt;/strong&gt;&lt;/p&gt;', '&lt;ul&gt;\r\n&lt;li&gt;From Cancun to Isla Round Trip Ferry &lt;/li&gt;\r\n&lt;li&gt;From Riviera Maya to Pto.Aventuras included Ground Transportation Round Trip&lt;/li&gt;\r\n&lt;li&gt;Dolphin Royal Swim (kiss, hug, hand target, pictures with ball, foot push, dorsal, bar jump, clock game, peck shate, 10 minutes free time)&lt;/li&gt;\r\n&lt;li&gt;8 guest per group to swimm&amp;nbsp; &lt;/li&gt;\r\n&lt;li&gt;Promotion: snorkel with stingrays or cat shark and a Family Picture with Sea Lions&lt;/li&gt;\r\n&lt;li&gt;Lunch Combo&lt;/li&gt;\r\n&lt;li&gt;Beverage (soda or water)&lt;/li&gt;\r\n&lt;li&gt;visit to Isla Mujeres Down Town &lt;/li&gt;\r\n&lt;li&gt;watch sharks and stingrays&lt;/li&gt;\r\n&lt;li&gt;bike tour &lt;/li&gt;\r\n&lt;/ul&gt;', ' US$5 p/p Dock Fee\r\n \r\n Photo and Video\r\n\r\n Tips and Souvenirs\r\n\r\n Turtle Farm Visit($30 pesos)', '&lt;ul&gt;\r\n&lt;li&gt;Register&lt;/li&gt;\r\n&lt;li&gt;Ferry Leave at 9 am&lt;/li&gt;\r\n&lt;li&gt;aprox 30 min to Isla Mujeres&lt;/li&gt;\r\n&lt;li&gt;Briefing and Instructions&lt;/li&gt;\r\n&lt;li&gt;50 min Royal Swim&amp;nbsp;&lt;/li&gt;\r\n&lt;li&gt;Free time&lt;/li&gt;\r\n&lt;li&gt;5:30 pm return to Cancun&lt;/li&gt;\r\n&lt;/ul&gt;\r\n&lt;p&gt;&amp;nbsp;&lt;/p&gt;\r\n&lt;p&gt;&amp;nbsp;&lt;/p&gt;\r\n&lt;p&gt;&amp;nbsp;&lt;/p&gt;', 'DAILY', '&lt;p&gt;&lt;strong&gt;&amp;nbsp;&lt;/strong&gt;&lt;/p&gt;\r\n&lt;p&gt;&lt;strong&gt;** Do not allow pregnant women and children under 1.20 mt&lt;/strong&gt;&lt;/p&gt;\r\n&lt;p&gt;&lt;strong&gt;&lt;span style=&quot;text-decoration: underline;&quot;&gt;Meeting Point: &lt;/span&gt;&lt;/strong&gt;&lt;/p&gt;\r\n&lt;p&gt;&lt;strong&gt;Canc&amp;uacute;n to Isla Mujeres: AquaTours Boulevard Kukulc&amp;aacute;n Km 6.5 Int.Marina Aqua Torus Cancun Hotel Zone&lt;/strong&gt;&lt;/p&gt;\r\n&lt;p&gt;&lt;strong&gt;Swim Times Isla Mujeres:&lt;/strong&gt;10:30 am, 12:15 pm, 02:15 pm,03:30 pm&lt;/p&gt;\r\n&lt;p&gt;&lt;strong&gt;Riviera Maya to Puerto Aventuras&lt;/strong&gt;: Pick up at the Hotel Lobby&lt;/p&gt;\r\n&lt;p&gt;&lt;strong&gt;Swim Times Puerto Aventuras: &lt;/strong&gt;09:00 am, 11:00 am, 01:00 pm, 03:00 pm&lt;/p&gt;\r\n&lt;p&gt;&lt;strong&gt;**Schedules subject to availability&lt;/strong&gt;&lt;/p&gt;\r\n&lt;p&gt;&lt;strong&gt;Companion Adult US$49 / Kid US$25&lt;/strong&gt;&lt;/p&gt;', '129.00', '99.00', NULL, NULL, 'royal-swim-all-inclusive-dolphins', 3, 'images/pictures/c1o37vbMINIRSPORTADA.jpg', 6, NULL, '0', '1', 'Royal Swim All Inclusive – Dolphins | dolphin tours			', 'cancun swimming with dolphins,swimming with dolphins cancun,swimming with dolphin,swim dolphins,swim with dolphin,swimming with dolphins,dolphin encounters,dolphin swims,dolphin tours,nightlife clubs', 'Meet the most sociable animals in the ocean as they greet you with a handshake and a kiss.experience a dream when you participate in the dolphins discovery.', '1'),
(4, 'Dolphin Encounter ', '&lt;p&gt;A program for &lt;strong&gt;all ages&lt;/strong&gt;: &lt;strong&gt;Learn and have fun!!&lt;/strong&gt;&lt;/p&gt;\r\n&lt;p&gt;Discover the dolphin&amp;acute;s best-kept secrets in a safe and fun-filled environment.&lt;/p&gt;\r\n&lt;p&gt;&lt;strong&gt;Make a friend for a lifetime!&lt;/strong&gt;&lt;/p&gt;\r\n&lt;p&gt;You will be surprised by the great inteligence and friendliness of these wonderful marine mammals.&lt;/p&gt;\r\n&lt;p&gt;You will also have the opportunity to hug it, kiss it, let it kiss you on the cheek and enjoy watching your new friend while it performs a series of amazing behaviors.&lt;/p&gt;\r\n&lt;p&gt;They will make you tingle with excitement!&lt;/p&gt;\r\n&lt;p&gt;&lt;strong&gt;This program is ideal for children...of all ages.&lt;/strong&gt;&lt;/p&gt;', '&lt;ul&gt;\r\n&lt;li&gt;From Cancun to Isla Round Trip Ferry&lt;/li&gt;\r\n&lt;li&gt;From Riviera Maya to Pto.Aventuras Ground Transportation Round Trip&lt;/li&gt;\r\n&lt;li&gt;Dolphin Encounter (kiss, hug, hand target, picture with ball, peck shake, free time)&lt;/li&gt;\r\n&lt;li&gt;15 guests per group to swimm&lt;/li&gt;\r\n&lt;li&gt;Beverage on board (sodas and water)&lt;/li&gt;\r\n&lt;li&gt;Visit to Isla Mujeres Down Town&lt;/li&gt;\r\n&lt;li&gt;Watch sharks and stingray&lt;/li&gt;\r\n&lt;/ul&gt;', 'US$5 p/p Dock Fee\r\nPhoto and video\r\nTips and Souvenirs\r\nTurtle Farm visit ($30 pesos)', '&lt;ul&gt;\r\n&lt;li&gt;Register&lt;/li&gt;\r\n&lt;li&gt;Ferry leave at 9:00 am&lt;/li&gt;\r\n&lt;li&gt;aprox 30 min to Isla Mujeres&lt;/li&gt;\r\n&lt;li&gt;Briefing and Instructions&lt;/li&gt;\r\n&lt;li&gt;40 min Dolphin Encounter&lt;/li&gt;\r\n&lt;li&gt;Free time&lt;/li&gt;\r\n&lt;li&gt;5:30 pm return to Canc&amp;uacute;n&lt;/li&gt;\r\n&lt;/ul&gt;', 'DAILY', '&lt;p&gt;** pregnant women and children under 1.20 mts&amp;nbsp; &lt;strong&gt;could do the activity with an adult paid and signing a responsive&lt;/strong&gt;&lt;/p&gt;\r\n&lt;p&gt;Meeting Point:&lt;/p&gt;\r\n&lt;p&gt;Cancun: &lt;span style=&quot;text-decoration: underline;&quot;&gt;AquaTours Bouldevard Kukulkan Km 6.5 Int.Marina Aqua Tours.Canc&amp;uacute;n Hotel Zone&lt;/span&gt;&lt;/p&gt;\r\n&lt;p&gt;&lt;strong&gt;Encounter time Isla Mujeres: 10:30 am,12:15,02:15 pm, 3:30 pm&lt;/strong&gt;&lt;/p&gt;\r\n&lt;p&gt;Riviera Maya: &lt;span style=&quot;text-decoration: underline;&quot;&gt;Pick up at your Hotel Lobby&lt;/span&gt;&lt;/p&gt;\r\n&lt;p&gt;&lt;strong&gt;Encounter time Pto. Aventuras: 09:00 am, 11:00 am, 01:00 pm, 03:00 pm&lt;/strong&gt;&lt;/p&gt;\r\n&lt;p&gt;**Schedules subject to availability&lt;/p&gt;\r\n&lt;ul&gt;\r\n&lt;li&gt;15 guests per group to swimm&lt;/li&gt;\r\n&lt;/ul&gt;', '99.00', '69.00', NULL, NULL, 'dolphin-encounter-all-inclusive', 3, 'images/pictures/dolphin.jpg', 6, NULL, '0', '1', 'dolphin encounter | swimming with dolphin | dolphin tours', 'dolphin encounter tour,swimming with dolphin,swim dolphins,swim with dolphin,swimming with dolphins,dolphin encounters,dolphin swims,dolphin tours,dolphins swimming with,dolphin tour', 'if you want to live an exciting day, living and swimming with dolphins, here''s your chance to meet these fantastic friends. you can swim, receiving kisses.', '1'),
(5, 'Sky Rider', '&lt;p&gt;&lt;strong&gt;The Sky Rider experience will take you up!&lt;/strong&gt;&lt;/p&gt;\n&lt;p&gt;up and away into the clear blue &lt;strong&gt;Caribbean&lt;/strong&gt; Sky.&lt;/p&gt;\n&lt;p&gt;Sit back and gaze at the impressive sights of the sea, lagoon and Cancun hotel zone.&lt;/p&gt;\n&lt;p&gt;This unique mechanism provides a &lt;strong&gt;comfortable&lt;/strong&gt; and &lt;strong&gt;secure ride &lt;/strong&gt;as you are lifted from a platform on the back of the boat.&lt;/p&gt;', '&lt;ul&gt;\r\n&lt;li&gt;Bottled Water&lt;/li&gt;\r\n&lt;li&gt;Life jacket&lt;/li&gt;\r\n&lt;/ul&gt;', 'US$3 Dock fee payable upon check-in.\r\nGround Transportation (call us and ask for a quotation).', '&lt;ul&gt;\r\n&lt;li&gt;Departs every half hour from 9 am until 4:30 pm&lt;/li&gt;\r\n&lt;li&gt;Register&lt;/li&gt;\r\n&lt;li&gt;enjoy the best view!&lt;/li&gt;\r\n&lt;/ul&gt;', 'MONDAY TO SATURDAY', '&lt;p&gt;Meeting Point: &lt;span style=&quot;text-decoration: underline;&quot;&gt;Aqua World (Boulevard Kukulc&amp;aacute;n Km. 15 + 300. Int. Marina Aquaworld. Canc&amp;uacute;n Hotel Zone)&lt;/span&gt;&lt;/p&gt;\r\n&lt;p&gt;Kids under 11 years US$33 with a paying adult.&lt;/p&gt;', '0.00', '0.00', NULL, NULL, 'sky-rider', 2, 'images/pictures/560642.jpg', 1, NULL, '0', '1', 'Sky rider | cancun tours | cancun sightseeing | skydive Caribbean			', 'cancun sightseeing,tour cancun,skydiving tours,skydive,skydive caribbean,excursions in cancun,cancun sightseeing tours,sightseeing cancun,tours to cancun,skydiving caribbean.', 'Take a ride on our SkyRider.Two people can enjoy the heights of the Cancun Sky in complete safety and comfort.Would you like to be dunked? You just need to ask.', '1'),
(6, 'Aquatwister', '&lt;p&gt;Your ride involves massive sideways slides, wave riding and the famous &lt;strong&gt;&quot;Powerbrake Stop&quot;&lt;/strong&gt; in which the jet boat comes to a complete stop within two boat lenghts, not forgetting of course the incredible &lt;strong&gt;270&amp;ordm; spins.&lt;/strong&gt;&lt;/p&gt;\n&lt;p&gt;&lt;strong&gt;AWESOME!!!!&lt;/strong&gt;&lt;/p&gt;\n&lt;p&gt;&lt;strong&gt;&lt;span style=&quot;color: #0000ff;&quot;&gt;**Prepare to get wet **&lt;/span&gt;&lt;/strong&gt;&lt;/p&gt;', '&lt;ul&gt;\r\n&lt;li&gt;Bottled Water&lt;/li&gt;\r\n&lt;li&gt;Life Jacket&lt;/li&gt;\r\n&lt;/ul&gt;\r\n&lt;p&gt;&amp;nbsp;&lt;/p&gt;', 'US$3 Dock fee payable upon check-in.\r\nGround Transportation (please call and ask for a quotation)', '&lt;ul&gt;\r\n&lt;li&gt;Register&lt;/li&gt;\r\n&lt;li&gt;Briefing and instructions&lt;/li&gt;\r\n&lt;li&gt;feel the adrenaline!!&lt;/li&gt;\r\n&lt;/ul&gt;', 'MONDAY TO SATURDAY', '&lt;p&gt;**Do not allow pregnant women and kids under 1.20 mts or 7 years old.&lt;/p&gt;\r\n&lt;p&gt;Meeting point: &lt;span style=&quot;text-decoration: underline;&quot;&gt;Boulevard Kukulc&amp;aacute;n Km 6.5 Int.Marina Aqua Tours. Canc&amp;uacute;n Hotel Zone&lt;/span&gt;&lt;/p&gt;\r\n&lt;p&gt;Times: 11 am, 12 pm, 1, pm or 2 pm&lt;/p&gt;', '0.00', '0.00', NULL, NULL, 'aquatwister', 2, 'images/pictures/662924.gif', 1, NULL, '0', '0', 'Aquatwister  | cancun tours | cancun adventures', 'jet boat,jet boating,shotover jet,shotover jet boat,jungle tour cancun,water in cancun,cancun adventure,shotover jet boating,adventures in cancun,boats cancun', 'Feel the adrenaline running through your body, on this mountain rusaacuatica. Feel the waves in these unexpected tunnels.', '1'),
(7, 'Camel Safari', '&lt;p&gt;Enjoy a 2 hour journey through the exotic jungle of the Riviera Maya in our beautiful camels.&lt;br /&gt;Be part of this unique adventure, in the middle of the way, you will find an oasis to catch you bread, relax and enjoy delicious fresh fruits and water.&lt;br /&gt;The journey begins at the &lt;strong&gt;Marina Maroma&lt;/strong&gt;, which is located in the heart of the Riviera Maya.&lt;/p&gt;\r\n&lt;p&gt;There will find your camel and bigins your magicla journey in the heart of the Mexican Caribbean.&lt;/p&gt;\r\n&lt;p&gt;Will go through the jungle and beach area (dunes)&lt;/p&gt;', '&lt;ul&gt;\r\n&lt;li&gt;Fresh bottle water&lt;/li&gt;\r\n&lt;li&gt;Fresh Fruit&lt;/li&gt;\r\n&lt;li&gt;Ground Transportation Round Trip&lt;/li&gt;\r\n&lt;/ul&gt;\r\n&lt;p&gt;&amp;nbsp;&lt;/p&gt;', 'Photos and Video/Souvenirs/Tips', '&lt;ul&gt;\r\n&lt;li&gt;Pick up at your hotel&lt;/li&gt;\r\n&lt;li&gt;Arrive at Camel Ranch&lt;/li&gt;\r\n&lt;li&gt;Choose your camel&lt;/li&gt;\r\n&lt;li&gt;Start the adventure&lt;/li&gt;\r\n&lt;/ul&gt;', 'MONDAY TO SATURDAY', '&lt;p&gt;** Do not allow pregnant women and kids under 1.20 mts.&lt;/p&gt;\r\n&lt;p&gt;Meeting Point: Camel Ranch / Pick up at your Hotel Lobby&lt;/p&gt;\r\n&lt;p&gt;Times: 09:00 am, 12:00 pm and 03:00 pm&lt;/p&gt;', '77.00', '70.00', NULL, NULL, 'camel-safari', 25, 'images/pictures/772285.gif', 2, NULL, '0', '1', 'camel safari | camel cancun  | cancun tour', 'camel safari cancun,camel cancun,cancun tours,tours from cancun,tours a cancun,the mayan riviera,cancun tour,jungle tours,cancun excursion,camel safari', 'This tour is completely different, an amazing experience alongside these unique friend. This tour was designed to enjoy the hypnotic waters of the Caribbean.', '1'),
(8, 'Rio Secreto', '&lt;p&gt;&lt;strong&gt;A Natural Treasure!!!&lt;/strong&gt;&lt;/p&gt;\r\n&lt;p&gt;Rio Secreto invites you on a fantastic voyage, a magical journey that will bring to life your amazing sensory adventure.&lt;/p&gt;\r\n&lt;p&gt;Discover the secrets of a real &lt;strong&gt;underground river&lt;/strong&gt;, the longest and most spectacular of the region; travel into another world of extraordinary beauty.&lt;/p&gt;\r\n&lt;p&gt;Learn and marvel in this ancient, magical subterranean world that until now has remained unexplored for millions of years.&lt;/p&gt;\r\n&lt;p&gt;You be guided on a &lt;strong&gt;one and a half hour (or 600 mts) Tour of Rio Secreto&lt;/strong&gt;, walking and swimming along the route.&lt;/p&gt;\r\n&lt;p&gt;A Light but a substantial lunch will be enjoyed after this unique and exciting experience.&lt;/p&gt;\r\n&lt;p&gt;&amp;nbsp;&lt;/p&gt;', '&lt;ul&gt;\r\n&lt;li&gt;Equipment for all activities,&lt;/li&gt;\r\n&lt;li&gt;Ground Transportation from Cancun-rio-Cancun&lt;/li&gt;\r\n&lt;li&gt;entrance fees&lt;/li&gt;\r\n&lt;li&gt;towels&lt;/li&gt;\r\n&lt;li&gt;meals and beverages&lt;/li&gt;\r\n&lt;/ul&gt;', ' Ground Transportation from Cancun Hotels (please call us and ask for a quotation)/Photo and Video/Souvenirs\r\nTips', '&lt;p&gt;&lt;span style=&quot;line-height: 115%; font-family: &amp;quot;Verdana&amp;quot;,&amp;quot;sans-serif&amp;quot;; font-size: 7.5pt;&quot; lang=&quot;ES-MX&quot;&gt;&lt;span style=&quot;line-height: 115%; font-family: &amp;quot;Verdana&amp;quot;,&amp;quot;sans-serif&amp;quot;; font-size: 7.5pt;&quot; lang=&quot;ES-MX&quot;&gt;&lt;span style=&quot;line-height: 115%; font-family: &amp;quot;Verdana&amp;quot;,&amp;quot;sans-serif&amp;quot;; font-size: 7.5pt;&quot; lang=&quot;ES-MX&quot;&gt;\r\n&lt;p class=&quot;MsoListParagraphCxSpFirst&quot; style=&quot;line-height: normal; text-indent: -18pt; margin: 0cm 0cm 0pt 36pt; mso-list: l0 level1 lfo1; mso-add-space: auto; mso-margin-top-alt: auto; mso-margin-bottom-alt: auto;&quot;&gt;&lt;span style=&quot;font-family: Symbol; font-size: 7.5pt; mso-fareast-font-family: Symbol; mso-bidi-font-family: Symbol; mso-ansi-language: EN-US; mso-fareast-language: ES; mso-no-proof: no;&quot; lang=&quot;EN-US&quot;&gt;&lt;span style=&quot;mso-list: Ignore;&quot;&gt;&amp;middot;&lt;span style=&quot;font: 7pt &amp;quot;Times New Roman&amp;quot;;&quot;&gt;&amp;nbsp;&amp;nbsp;&amp;nbsp;&amp;nbsp;&amp;nbsp;&amp;nbsp;&amp;nbsp;&amp;nbsp;&amp;nbsp; &lt;/span&gt;&lt;/span&gt;&lt;/span&gt;&lt;span style=&quot;font-family: &amp;quot;Verdana&amp;quot;,&amp;quot;sans-serif&amp;quot;; font-size: 7.5pt; mso-fareast-font-family: &#039;Times New Roman&#039;; mso-bidi-font-family: &#039;Times New Roman&#039;; mso-ansi-language: EN-US; mso-fareast-language: ES; mso-no-proof: no;&quot; lang=&quot;EN-US&quot;&gt;08:00-09:00 pick up &lt;/span&gt;&lt;/p&gt;\r\n&lt;p class=&quot;MsoListParagraphCxSpMiddle&quot; style=&quot;line-height: normal; text-indent: -18pt; margin: 0cm 0cm 0pt 36pt; mso-list: l0 level1 lfo1; mso-add-space: auto; mso-margin-top-alt: auto; mso-margin-bottom-alt: auto;&quot;&gt;&lt;span style=&quot;font-family: Symbol; font-size: 7.5pt; mso-fareast-font-family: Symbol; mso-bidi-font-family: Symbol; mso-ansi-language: EN-US; mso-fareast-language: ES; mso-no-proof: no;&quot; lang=&quot;EN-US&quot;&gt;&lt;span style=&quot;mso-list: Ignore;&quot;&gt;&amp;middot;&lt;span style=&quot;font: 7pt &amp;quot;Times New Roman&amp;quot;;&quot;&gt;&amp;nbsp;&amp;nbsp;&amp;nbsp;&amp;nbsp;&amp;nbsp;&amp;nbsp;&amp;nbsp;&amp;nbsp;&amp;nbsp; &lt;/span&gt;&lt;/span&gt;&lt;/span&gt;&lt;span style=&quot;font-family: &amp;quot;Verdana&amp;quot;,&amp;quot;sans-serif&amp;quot;; font-size: 7.5pt; mso-fareast-font-family: &#039;Times New Roman&#039;; mso-bidi-font-family: &#039;Times New Roman&#039;; mso-ansi-language: EN-US; mso-fareast-language: ES; mso-no-proof: no;&quot; lang=&quot;EN-US&quot;&gt;Briefing and Instructions&lt;/span&gt;&lt;/p&gt;\r\n&lt;p class=&quot;MsoListParagraphCxSpMiddle&quot; style=&quot;line-height: normal; text-indent: -18pt; margin: 0cm 0cm 0pt 36pt; mso-list: l0 level1 lfo1; mso-add-space: auto; mso-margin-top-alt: auto; mso-margin-bottom-alt: auto;&quot;&gt;&lt;span style=&quot;font-family: Symbol; font-size: 7.5pt; mso-fareast-font-family: Symbol; mso-bidi-font-family: Symbol; mso-ansi-language: EN-US; mso-fareast-language: ES; mso-no-proof: no;&quot; lang=&quot;EN-US&quot;&gt;&lt;span style=&quot;mso-list: Ignore;&quot;&gt;&amp;middot;&lt;span style=&quot;font: 7pt &amp;quot;Times New Roman&amp;quot;;&quot;&gt;&amp;nbsp;&amp;nbsp;&amp;nbsp;&amp;nbsp;&amp;nbsp;&amp;nbsp;&amp;nbsp;&amp;nbsp;&amp;nbsp; &lt;/span&gt;&lt;/span&gt;&lt;/span&gt;&lt;span style=&quot;font-family: &amp;quot;Verdana&amp;quot;,&amp;quot;sans-serif&amp;quot;; font-size: 7.5pt; mso-fareast-font-family: &#039;Times New Roman&#039;; mso-bidi-font-family: &#039;Times New Roman&#039;; mso-ansi-language: EN-US; mso-fareast-language: ES; mso-no-proof: no;&quot; lang=&quot;EN-US&quot;&gt;Journey through the jungle to reach the beautiful place&lt;/span&gt;&lt;/p&gt;\r\n&lt;p class=&quot;MsoListParagraphCxSpMiddle&quot; style=&quot;line-height: normal; text-indent: -18pt; margin: 0cm 0cm 0pt 36pt; mso-list: l0 level1 lfo1; mso-add-space: auto; mso-margin-top-alt: auto; mso-margin-bottom-alt: auto;&quot;&gt;&lt;span style=&quot;font-family: Symbol; font-size: 7.5pt; mso-fareast-font-family: Symbol; mso-bidi-font-family: Symbol; mso-ansi-language: EN-US; mso-fareast-language: ES; mso-no-proof: no;&quot; lang=&quot;EN-US&quot;&gt;&lt;span style=&quot;mso-list: Ignore;&quot;&gt;&amp;middot;&lt;span style=&quot;font: 7pt &amp;quot;Times New Roman&amp;quot;;&quot;&gt;&amp;nbsp;&amp;nbsp;&amp;nbsp;&amp;nbsp;&amp;nbsp;&amp;nbsp;&amp;nbsp;&amp;nbsp;&amp;nbsp; &lt;/span&gt;&lt;/span&gt;&lt;/span&gt;&lt;span style=&quot;font-family: &amp;quot;Verdana&amp;quot;,&amp;quot;sans-serif&amp;quot;; font-size: 7.5pt; mso-fareast-font-family: &#039;Times New Roman&#039;; mso-bidi-font-family: &#039;Times New Roman&#039;; mso-ansi-language: EN-US; mso-fareast-language: ES; mso-no-proof: no;&quot; lang=&quot;EN-US&quot;&gt;Take a shower and we provide special equipment to start the experience&lt;/span&gt;&lt;/p&gt;\r\n&lt;p class=&quot;MsoListParagraphCxSpMiddle&quot; style=&quot;line-height: normal; text-indent: -18pt; margin: 0cm 0cm 0pt 36pt; mso-list: l0 level1 lfo1; mso-add-space: auto; mso-margin-top-alt: auto; mso-margin-bottom-alt: auto;&quot;&gt;&lt;span style=&quot;font-family: Symbol; font-size: 7.5pt; mso-fareast-font-family: Symbol; mso-bidi-font-family: Symbol; mso-ansi-language: EN-US; mso-fareast-language: ES; mso-no-proof: no;&quot; lang=&quot;EN-US&quot;&gt;&lt;span style=&quot;mso-list: Ignore;&quot;&gt;&amp;middot;&lt;span style=&quot;font: 7pt &amp;quot;Times New Roman&amp;quot;;&quot;&gt;&amp;nbsp;&amp;nbsp;&amp;nbsp;&amp;nbsp;&amp;nbsp;&amp;nbsp;&amp;nbsp;&amp;nbsp;&amp;nbsp; &lt;/span&gt;&lt;/span&gt;&lt;/span&gt;&lt;span style=&quot;font-family: &amp;quot;Verdana&amp;quot;,&amp;quot;sans-serif&amp;quot;; font-size: 7.5pt; mso-fareast-font-family: &#039;Times New Roman&#039;; mso-bidi-font-family: &#039;Times New Roman&#039;; mso-ansi-language: EN-US; mso-fareast-language: ES; mso-no-proof: no;&quot; lang=&quot;EN-US&quot;&gt;Tour in the underground area&lt;/span&gt;&lt;/p&gt;\r\n&lt;p class=&quot;MsoListParagraphCxSpMiddle&quot; style=&quot;line-height: normal; text-indent: -18pt; margin: 0cm 0cm 0pt 36pt; mso-list: l0 level1 lfo1; mso-add-space: auto; mso-margin-top-alt: auto; mso-margin-bottom-alt: auto;&quot;&gt;&lt;span style=&quot;font-family: Symbol; font-size: 7.5pt; mso-fareast-font-family: Symbol; mso-bidi-font-family: Symbol; mso-ansi-language: EN-US; mso-fareast-language: ES; mso-no-proof: no;&quot; lang=&quot;EN-US&quot;&gt;&lt;span style=&quot;mso-list: Ignore;&quot;&gt;&amp;middot;&lt;span style=&quot;font: 7pt &amp;quot;Times New Roman&amp;quot;;&quot;&gt;&amp;nbsp;&amp;nbsp;&amp;nbsp;&amp;nbsp;&amp;nbsp;&amp;nbsp;&amp;nbsp;&amp;nbsp;&amp;nbsp; &lt;/span&gt;&lt;/span&gt;&lt;/span&gt;&lt;span style=&quot;font-family: &amp;quot;Verdana&amp;quot;,&amp;quot;sans-serif&amp;quot;; font-size: 7.5pt; mso-fareast-font-family: &#039;Times New Roman&#039;; mso-bidi-font-family: &#039;Times New Roman&#039;; mso-ansi-language: EN-US; mso-fareast-language: ES; mso-no-proof: no;&quot; lang=&quot;EN-US&quot;&gt;Light lunch (ham and cheese croissant, fresh fruit of the season and natural waters tamarind, jamaica)&lt;/span&gt;&lt;/p&gt;\r\n&lt;p class=&quot;MsoListParagraphCxSpMiddle&quot; style=&quot;line-height: normal; text-indent: -18pt; margin: 0cm 0cm 0pt 36pt; mso-list: l0 level1 lfo1; mso-add-space: auto; mso-margin-top-alt: auto; mso-margin-bottom-alt: auto;&quot;&gt;&lt;span style=&quot;font-family: Symbol; font-size: 7.5pt; mso-fareast-font-family: Symbol; mso-bidi-font-family: Symbol; mso-ansi-language: EN-US; mso-fareast-language: ES; mso-no-proof: no;&quot; lang=&quot;EN-US&quot;&gt;&lt;span style=&quot;mso-list: Ignore;&quot;&gt;&amp;middot;&lt;span style=&quot;font: 7pt &amp;quot;Times New Roman&amp;quot;;&quot;&gt;&amp;nbsp;&amp;nbsp;&amp;nbsp;&amp;nbsp;&amp;nbsp;&amp;nbsp;&amp;nbsp;&amp;nbsp;&amp;nbsp; &lt;/span&gt;&lt;/span&gt;&lt;/span&gt;&lt;span style=&quot;font-family: &amp;quot;Verdana&amp;quot;,&amp;quot;sans-serif&amp;quot;; font-size: 7.5pt; mso-fareast-font-family: &#039;Times New Roman&#039;; mso-bidi-font-family: &#039;Times New Roman&#039;; mso-ansi-language: EN-US; mso-fareast-language: ES; mso-no-proof: no;&quot; lang=&quot;EN-US&quot;&gt;Back to the&amp;nbsp;reception area&amp;nbsp;of&amp;nbsp;Rio Secreto&lt;/span&gt;&lt;/p&gt;\r\n&lt;p class=&quot;MsoListParagraphCxSpLast&quot; style=&quot;line-height: normal; text-indent: -18pt; margin: 0cm 0cm 10pt 36pt; mso-list: l0 level1 lfo1; mso-add-space: auto; mso-margin-top-alt: auto; mso-margin-bottom-alt: auto;&quot;&gt;&lt;span style=&quot;font-family: Symbol; font-size: 7.5pt; mso-fareast-font-family: Symbol; mso-bidi-font-family: Symbol; mso-ansi-language: EN-US; mso-fareast-language: ES; mso-no-proof: no;&quot; lang=&quot;EN-US&quot;&gt;&lt;span style=&quot;mso-list: Ignore;&quot;&gt;&amp;middot;&lt;span style=&quot;font: 7pt &amp;quot;Times New Roman&amp;quot;;&quot;&gt;&amp;nbsp;&amp;nbsp;&amp;nbsp;&amp;nbsp;&amp;nbsp;&amp;nbsp;&amp;nbsp;&amp;nbsp;&amp;nbsp; &lt;/span&gt;&lt;/span&gt;&lt;/span&gt;&lt;span style=&quot;font-family: &amp;quot;Verdana&amp;quot;,&amp;quot;sans-serif&amp;quot;; font-size: 7.5pt; mso-fareast-font-family: &#039;Times New Roman&#039;; mso-bidi-font-family: &#039;Times New Roman&#039;; mso-ansi-language: EN-US; mso-fareast-language: ES; mso-no-proof: no;&quot; lang=&quot;EN-US&quot;&gt;Drop of at the hotels&lt;/span&gt;&lt;/p&gt;\r\n&lt;p&gt;&amp;nbsp;&lt;/p&gt;\r\n&lt;/span&gt;&lt;/span&gt;&lt;/span&gt;&lt;/p&gt;\r\n&lt;p&gt;&amp;nbsp;&lt;/p&gt;', 'Tue-Thr-sat', '&lt;p&gt;Restrictions:&lt;/p&gt;\r\n&lt;ul&gt;\r\n&lt;li&gt;Maximum &lt;strong&gt;weight&lt;/strong&gt;: 250 lb / 120 kg.&lt;/li&gt;\r\n&lt;li&gt;Minimum &lt;strong&gt;age&lt;/strong&gt;: 6 years&lt;/li&gt;\r\n&lt;li&gt;This Tour is not available for people with severe physical handicaps, heart diseases, no pregnant women or for people under the influence of alcohol or drugs.&lt;/li&gt;\r\n&lt;/ul&gt;\r\n&lt;p&gt;There, you will be greeted by a highly trained guides and equipped like a&amp;nbsp;professional dive master.&lt;/p&gt;\r\n&lt;p&gt;You will put on a &lt;strong&gt;wetsuit, helmet with a special lamp and wet shoes.&lt;/strong&gt;&lt;/p&gt;', '105.00', '52.50', NULL, NULL, 'rio-secreto', 8, 'images/pictures/832004.gif', 2, NULL, '0', '1', 'rio secreto | underground river cancun | rio secreto cancun', 'rio secreto tour,underground river cancun,rio secreto cancun,rio secreto cave,tour rio secreto,rio secreto tours,alltournative tours,tours in cancun,excursions in cancun,rio in cancun', 'Enjoy and discover the secrets of an underground river, transported to an extraordinary world, making it the largest and most spectacular river of the region.', '1'),
(9, 'Paradise Horseback Riding', '&lt;p&gt;The most natural and relaxed way to enjoy the jungle. You will be thrilled with the wildlife.&lt;/p&gt;', '&lt;ul&gt;\r\n&lt;li&gt;Ground Transportation Round Trip&lt;/li&gt;\r\n&lt;li&gt;Tax&lt;/li&gt;\r\n&lt;li&gt;local medical insurance&lt;/li&gt;\r\n&lt;li&gt;Beverage (sodas and water)&lt;/li&gt;\r\n&lt;li&gt;beans and chips&lt;/li&gt;\r\n&lt;/ul&gt;', 'Souvenirs/Photo and Videos/Tips', '&lt;ul&gt;\r\n&lt;li&gt;Pick up at your Hotel Lobby&lt;/li&gt;\r\n&lt;li&gt;Briefing and instructions&lt;/li&gt;\r\n&lt;li&gt;choose your horse&lt;/li&gt;\r\n&lt;li&gt;and feel the breeze&lt;/li&gt;\r\n&lt;/ul&gt;', 'MONDAY TO  SATURDAY', '&lt;p&gt;Meeting Point: Pick up at your Hotel (please confirm your pick up time with your Tour Agent)&lt;/p&gt;\r\n&lt;p&gt;Times: 09:30 am, 12:00 pm and 03:00 pm&lt;/p&gt;\r\n&lt;p&gt;&amp;nbsp;&lt;/p&gt;', '77.00', '70.00', NULL, NULL, 'paradise-horseback-riding', 25, 'images/pictures/j5phn5bminihbm.jpg', 2, NULL, '0', '1', 'Paradise Horseback Riding | horse riding vacations | horse riding', 'horseback riding cancun,horseback rides,horse riding vacations,horse riding adventures,tours in cancun,best tours in cancun,cancun horseback riding,horseback riding in cancun,horse riding cancun,horse riding in cancun', 'The more relaxed way to enjoy the flora and fauna, with a 2 hour full contact with Mother Nature. Is a tour that you can enjoy with family and friends.', '1'),
(10, 'Tulum Express', '&lt;p&gt;Tulum is located aproximately &lt;strong&gt;south of Cancun&lt;/strong&gt;, at 1hr and 30min from Cancun and 40min to Playa del Carmen.&lt;/p&gt;\r\n&lt;p&gt;Not only is the largest coastal archaelogical site in Mexico, is one of the corners of the Caribbean where you can still enjoy the lush &lt;strong&gt;nature&lt;/strong&gt;, and &lt;strong&gt;discover the intersting history &lt;/strong&gt;of it. &lt;strong&gt;Tulum means &quot;Wall&quot;&lt;/strong&gt;&amp;nbsp;is the best and most famous example of east coast style, the name by which designates the architectural type of Mayan buildings constructed on the north coast of Quintana Roo between 1200 and 1520 AD. Their structures, including the Castle and the Temple of the Frescos, notable for their preservation and for the high quality of the murals still preserved inside both.&lt;/p&gt;\r\n&lt;p&gt;As the most extensively studied, both in appearance and in the ethnohistorical archeology, visiting Tulum is fundamental to understanding the life and customs of the Maya who lived during the Postclassic period in Quintana Roo.&lt;/p&gt;\r\n&lt;p&gt;&lt;strong&gt;&amp;nbsp;&lt;/strong&gt;Here you can find: &lt;strong&gt;Culture, attraction, fun, tranquility and a lifetime experience&lt;/strong&gt;.&lt;/p&gt;', '&lt;ul&gt;\r\n&lt;li&gt;A/C Bus&lt;/li&gt;\r\n&lt;li&gt;Entrance Ruins&lt;/li&gt;\r\n&lt;li&gt;Tour guide&lt;/li&gt;\r\n&lt;/ul&gt;\r\n&lt;p&gt;&amp;nbsp;&lt;/p&gt;', ' Train ride at tulum ($25 pesos)', '&lt;ul&gt;\r\n&lt;li&gt;Departure from Cancun&amp;nbsp; 8:30am&lt;/li&gt;\r\n&lt;li&gt;Arrival to Tulum&amp;nbsp;10:30am&lt;/li&gt;\r\n&lt;li&gt;Departure from Tulum 1:00pm&lt;/li&gt;\r\n&lt;li&gt;Arrival from&amp;nbsp;Cancun 3:00pm&lt;/li&gt;\r\n&lt;/ul&gt;', 'MON / WED / FRI', '&lt;p&gt;&lt;strong&gt;Pick up place&lt;/strong&gt;: &lt;span style=&quot;text-decoration: underline;&quot;&gt;at the Capitan Cove unique departure at 8:30am. Blvd. Kukulcan Km 16.5 Hotel Zone&lt;/span&gt;&lt;/p&gt;\r\n&lt;p&gt;&lt;span style=&quot;text-decoration: underline;&quot;&gt;&amp;nbsp;&lt;/span&gt;&lt;/p&gt;\r\n&lt;p&gt;Please Bring:&lt;/p&gt;\r\n&lt;ul&gt;\r\n&lt;li&gt;comfortable walking shoes and clothe&lt;/li&gt;\r\n&lt;li&gt;Biodegradable sunblock&lt;/li&gt;\r\n&lt;li&gt;Biodegradable repellent&lt;/li&gt;\r\n&lt;li&gt;Swim suit on&lt;/li&gt;\r\n&lt;li&gt;Hat&lt;/li&gt;\r\n&lt;li&gt;Cash for Souvenirs and Tips&lt;/li&gt;\r\n&lt;/ul&gt;', '57.00', '41.00', NULL, NULL, 'tulum-express', 9, 'images/pictures/1011582.png', 5, NULL, '0', '1', 'Tulum express | tulum express tour | tulum ruins	', 'tulum ruins,tulum express,tulum tours,tulum mayan ruins,tulum ruins,mayan ruins,tours tulum,tulum express tour,mayan ruins of tulum,dolphins swimming with.', 'Enjoy Mayan culture one of the best views of the Mexican Caribbean,as well as swimming in one of the most beautiful beaches and return to your hotel. ', '1'),
(11, 'WET&#039;N WILD', '&lt;p&gt;&lt;br /&gt;The fun park in Cancun, where you will find water slides, wave pool, space for kids and the whole family will enjoy even more in this paradise of white sand and turquoise water.&lt;/p&gt;\r\n&lt;p&gt;We have:&lt;/p&gt;\r\n&lt;p&gt;&lt;br /&gt;&lt;span style=&quot;font-size: small;&quot;&gt;&lt;strong&gt;&lt;span style=&quot;color: #0000ff;&quot;&gt;Wave Pool&lt;/span&gt;&lt;/strong&gt;&lt;/span&gt;: where you can enjoy constant waves and lots of fun.&lt;/p&gt;\r\n&lt;p&gt;* Depth without waves: 0 to 2.40 m / 0-8 ft.&lt;br /&gt;&amp;nbsp;&amp;nbsp; Depth with waves: 0-3 m / 0-9 ft.&lt;/p&gt;\r\n&lt;p&gt;&lt;strong&gt;&lt;span style=&quot;color: #ff0000; font-size: small;&quot;&gt;Lazy River&lt;/span&gt;&lt;/strong&gt;: enjoy our river of 300 meters in length in its crystalline waters and quiet in the comfort of a tire ....&lt;/p&gt;\r\n&lt;p&gt;* Length: 320 meters, width: 4.40 m, depth: 94 cm (3 fts)&lt;br /&gt;(Not including rental / tire: $ 4 - $ 10 usd deposit)&lt;/p&gt;\r\n&lt;p&gt;&lt;br /&gt;&lt;span style=&quot;font-size: small;&quot;&gt;&lt;strong&gt;&lt;span style=&quot;color: #0000ff;&quot;&gt;Double Space Bowl: &lt;/span&gt;&lt;/strong&gt;&lt;/span&gt;slip from 15 meters in height, for a fun slide to more than 50 km / h run ends with a refreshing dive.&lt;br /&gt;* Height: 10.10 m, Length: 39.40, Depth: 3 mts. 9 feet&lt;/p&gt;\r\n&lt;p&gt;&lt;strong&gt;&lt;span style=&quot;color: #ff0000; font-size: small;&quot;&gt;Bubba Tub&lt;/span&gt;&lt;/strong&gt;: fun for the whole family, have fun on 6 floors of fun, sharing the journey on a giant wheel will take you through gullies and a refreshing surprise landing.&lt;br /&gt;* Height: 16.25 meters, length: 85 meters, depths: 1.25 m, 4 feet&lt;/p&gt;\r\n&lt;p&gt;&lt;strong&gt;&lt;span style=&quot;color: #0000ff; font-size: small;&quot;&gt;Bumper Boats&lt;/span&gt;&lt;/strong&gt;: New attraction for little ones, inflatable boats, enjoy a small naval battle.&lt;br /&gt;* Depth: 90 cms (3 fts)&lt;br /&gt;Kids Park: Pool exclusively for children with miniature versions of the main water attractions.&lt;br /&gt;* Depth: 45 cm (1 ft)&lt;/p&gt;\r\n&lt;p&gt;&lt;strong&gt;&lt;span style=&quot;color: #ff0000; font-size: small;&quot;&gt;Twister&lt;/span&gt;&lt;/strong&gt;: Feel the breeze of the Caribbean and enjoy the speed of our slides that will thrill of excitement with fun curves.&lt;br /&gt;* Height: 15.30 inches / 1.32 meters long / depth 0 to 1.15 meters (0-3 fts)&lt;/p&gt;\r\n&lt;p&gt;&lt;span style=&quot;font-size: small;&quot;&gt;&lt;strong&gt;&lt;span style=&quot;color: #0000ff;&quot;&gt;Kamikaze&lt;/span&gt;&lt;/strong&gt;&lt;/span&gt;: feel the adrenaline rushing through your body to live this strong emotion between cooling flows downhill fast and enjoy this exciting adventure ..&lt;br /&gt;* Height: 18.40 m / Length: 77 mts&lt;/p&gt;\r\n&lt;p&gt;&lt;br /&gt;&lt;strong&gt;&lt;span style=&quot;color: #000000;&quot;&gt;&amp;nbsp;&lt;/span&gt;&lt;/strong&gt;&lt;br /&gt;&lt;br /&gt;&lt;br /&gt;&lt;/p&gt;', '&lt;p&gt;Food and beverages&lt;/p&gt;\r\n&lt;p&gt;boutique&lt;/p&gt;\r\n&lt;p&gt;Restrooms / Showers&lt;/p&gt;\r\n&lt;p&gt;Slides&lt;/p&gt;\r\n&lt;p&gt;pools&lt;/p&gt;\r\n&lt;p&gt;Activities&lt;/p&gt;\r\n&lt;p&gt;Lifejacket&lt;/p&gt;', 'Locker $4 usd ($10 usd-refundable deposit)\r\nAquatic Tires $4 usd\r\nTowels $3 usd', '&lt;p&gt;Open: 365 days a year&lt;/p&gt;\r\n&lt;p&gt;From 9:30 a.m. to 5:00 pm&lt;/p&gt;\r\n&lt;p&gt;Summer Time: 9:30 a.m. to 5:45 pm.&lt;/p&gt;', 'DAILY', '&lt;p&gt;&amp;nbsp;&lt;/p&gt;\r\n&lt;p&gt;General Ticket: $ 49 usd Adult / Child $ 43 usd&lt;/p&gt;\r\n&lt;p&gt;online Ticket: $ 45 usd Adult / Child $ 39 usd&lt;/p&gt;\r\n&lt;p&gt;&lt;br /&gt;Children under 7 years must be accompanied by an adult all the&amp;nbsp; time.&lt;/p&gt;\r\n&lt;p&gt;Children under 3 years don&amp;acute;t pay entrance.&lt;br /&gt;&lt;br /&gt;&lt;/p&gt;\r\n&lt;p&gt;&lt;span style=&quot;font-size: small;&quot;&gt;&lt;strong&gt;Menu&lt;/strong&gt;:&lt;/span&gt;&lt;/p&gt;\r\n&lt;p&gt;Burgers, nuggets, hot dogs, nachos, chicken fingers, french fries, salads, tacos, paella, desserts, soft drinks and beer&lt;/p&gt;', '49.00', '43.00', NULL, NULL, 'wetn-wild-water-and-adventure-park', 28, 'images/pictures/1172979.png', 1, NULL, '0', '1', 'WET''N WILD | wet n wild tour | cancun tours', 'WET''N WILD tour,cancun,wet wild,wet & wild,wild and wet,cancun tours,wet wild park,water in cancun,wet wild cancun,wet & wild cancun', 'wet''n wild is pure diversion, if you are looking for other thing than the beach this is your better option!, with differents aquatic games! is for all.', '1'),
(12, 'Xcaret Full Day', '&lt;p&gt;&lt;strong&gt;Xcaret&lt;/strong&gt; is a magical paradise where culture, &lt;strong&gt;ecology&lt;/strong&gt; and &lt;strong&gt;Mexican&lt;/strong&gt; wildlife meet. Among its great &lt;strong&gt;treasures&lt;/strong&gt;, in Xcaret we can find &lt;strong&gt;Underground Rivers&lt;/strong&gt;, a &lt;strong&gt;Butterfly Pavilion&lt;/strong&gt;, a &lt;strong&gt;Beach&lt;/strong&gt;, Inlets and Xcaret&amp;rsquo;s one of a kind &lt;strong&gt;celebration &amp;ldquo;Xcaret Mexico Espectacular&amp;rdquo;. &lt;/strong&gt;At Xcaret you can enjoy the &lt;strong&gt;most amazing water activities &lt;/strong&gt;such as swimming with dolphins, snuba, sea trek and snorkeling.&lt;/p&gt;\r\n&lt;p&gt;&lt;strong&gt;&quot;Xcaret&quot; means small inlet in Maya&lt;/strong&gt;, because it has an inlet of extraordinary beauty. Geographically convenient location of this cache made attractive to the Maya, who built a port there and commercial center. Its old name was &#039;Pole&#039;, derived from the root p&#039;ol, which means merchandise and try to traders.&lt;/p&gt;', '&lt;ul&gt;\r\n&lt;li&gt;A/C Bus R/T Transportation&lt;/li&gt;\r\n&lt;li&gt;Entrance to Xcaret&lt;/li&gt;\r\n&lt;li&gt;Tour guide&lt;/li&gt;\r\n&lt;li&gt;Park Xcaret Night Show&lt;/li&gt;\r\n&lt;li&gt;Map&lt;/li&gt;\r\n&lt;/ul&gt;', 'Lunch and beverage/optional activities/ lockers and towels/ snorkeling equipment/\r\ndinner during the show at night', '&lt;ul&gt;\r\n&lt;li&gt;Departure from Cancun 10:00am&lt;/li&gt;\r\n&lt;li&gt;Arrival to Xcaret and tour guide 11:15am&lt;/li&gt;\r\n&lt;li&gt;Meeting point for night show&amp;nbsp;6:30pm&lt;/li&gt;\r\n&lt;li&gt;Departure from Xcaret 9:30pm&lt;/li&gt;\r\n&lt;li&gt;Arrival to Cancun 10:40 to 11:00pm&lt;/li&gt;\r\n&lt;/ul&gt;', 'DAILY', '&lt;p&gt;Please Bring:&lt;/p&gt;\r\n&lt;ul&gt;\r\n&lt;li&gt;Comfortable shoes and clothing &lt;/li&gt;\r\n&lt;li&gt;biodegradable sunblock&lt;/li&gt;\r\n&lt;li&gt;biodegradable&amp;nbsp;mosquito repellent&lt;/li&gt;\r\n&lt;li&gt;swim suit on&lt;/li&gt;\r\n&lt;li&gt;towels&lt;/li&gt;\r\n&lt;li&gt;hat and money for shopping&lt;/li&gt;\r\n&lt;/ul&gt;\r\n&lt;p&gt;&lt;strong&gt;Night Show Summer Time: 19:00 to 21:15 hrs / Night Show Winter Time: 18:00 to 20:00 hrs&lt;/strong&gt;&lt;/p&gt;', '139.00', '69.50', NULL, NULL, 'xcaret-full-day', 8, 'images/pictures/1284908.png', 2, NULL, '0', '1', 'xcaret full day | xcaret tour | xcaret cancun', 'xcaret full day,xcaret eco-archaeological park,parks in cancun,xcaret park,xcaret tour,xcaret cancun,mayan riviera,park cancun,cancun park,tours cancun', 'It''s the perfect combination, where culture and nature live in balance thus offers a place where we can enjoy, live and relax with family or friends.', '0'),
(13, 'Xcaret Plus', '&lt;p&gt;Xcaret is a magical paradise where &lt;strong&gt;culture&lt;/strong&gt;, &lt;strong&gt;ecology&lt;/strong&gt; and &lt;strong&gt;Mexican wildlife &lt;/strong&gt;meet. Among its great &lt;strong&gt;treasures&lt;/strong&gt;, in Xcaret we can find &lt;strong&gt;Underground Rivers&lt;/strong&gt;, a &lt;strong&gt;Butterfly Pavilion&lt;/strong&gt;, a &lt;strong&gt;Beach&lt;/strong&gt;, &lt;strong&gt;Inlets&lt;/strong&gt; and Xcaret&amp;rsquo;s one of a kind celebration &lt;strong&gt;&amp;ldquo;Xcaret Mexico Espectacular&amp;rdquo;. &lt;/strong&gt;At Xcaret you can enjoy the most amazing water activities such as swimming with dolphins, snuba, sea trek and snorkeling.&lt;/p&gt;\r\n&lt;p&gt;&lt;strong&gt;&quot;Xcaret&lt;/strong&gt;&quot; means small inlet in Maya, because it has an inlet of extraordinary beauty. Geographically convenient location of this cache made attractive to the Maya, who built a port there and commercial center. Its old name was &#039;Pole&#039;, derived from the root p&#039;ol, which means merchandise and try to traders.&lt;/p&gt;', '&lt;ul&gt;\r\n&lt;li&gt;A/C Bus R/T Transportation&lt;/li&gt;\r\n&lt;li&gt;Entrance to Xcaret&lt;/li&gt;\r\n&lt;li&gt;Tour guide&lt;/li&gt;\r\n&lt;li&gt;Buffet&lt;/li&gt;\r\n&lt;li&gt;coupons for 2 Sodas or 1 beer&lt;/li&gt;\r\n&lt;li&gt;Snorkel equipment, Towel and locker&amp;nbsp;(US$20 deposit)&lt;/li&gt;\r\n&lt;/ul&gt;\r\n&lt;p&gt;&amp;nbsp;&lt;/p&gt;\r\n&lt;p&gt;&amp;nbsp;&lt;/p&gt;', ' Optional activities/Dinner at the night show/Wine tasting / Photo /Beverage at Buffet', '&lt;ul&gt;\r\n&lt;li&gt;Departure from Cancun 8:15am&lt;/li&gt;\r\n&lt;li&gt;Arrival to Xcaret and Tour guide 9:15am&lt;/li&gt;\r\n&lt;li&gt;Departure from Xcaret 5:30pm&lt;/li&gt;\r\n&lt;li&gt;Arrival to Cancun 6:30pm&lt;/li&gt;\r\n&lt;/ul&gt;', 'DAILY', '&lt;p&gt;Please Bring:&lt;/p&gt;\r\n&lt;ul&gt;\r\n&lt;li&gt;Comfortable walking shoes and clothe&lt;/li&gt;\r\n&lt;li&gt;biodegradable sunblock&lt;/li&gt;\r\n&lt;li&gt;biodegradable repellant&lt;/li&gt;\r\n&lt;li&gt;hat&lt;/li&gt;\r\n&lt;/ul&gt;\r\n&lt;p&gt;&amp;nbsp;&lt;/p&gt;\r\n&lt;p&gt;Coupons for two soft drinks or a beer or two chips in stores, carts and restaurants&amp;nbsp;&lt;/p&gt;\r\n&lt;p&gt;Snorkeling equipment, towel and locker&amp;nbsp;( USD$20 deposit)&lt;/p&gt;\r\n&lt;p&gt;Buffet Menu:&lt;/p&gt;\r\n&lt;ul&gt;\r\n&lt;li&gt;Fresh Salads&lt;/li&gt;\r\n&lt;li&gt;Steak, Pork, Chicken and Fish&lt;/li&gt;\r\n&lt;li&gt;Desserts&lt;/li&gt;\r\n&lt;/ul&gt;\r\n&lt;p&gt;**&lt;strong&gt;if you want you can assist at the Xcaret Night Show&amp;nbsp; and take the bus after the show, just let us know**&lt;/strong&gt;&lt;/p&gt;\r\n&lt;p&gt;Night Show Summer Time: 19:00 to 21:15 hrs&amp;nbsp; / Night Show Winter Time: 18:00 to 20:15 hrs&lt;/p&gt;\r\n&lt;p&gt;&lt;strong&gt;The last bus return at 21:30 &lt;/strong&gt;&lt;/p&gt;\r\n&lt;p&gt;&lt;strong&gt;&amp;nbsp;&lt;/strong&gt;&lt;/p&gt;\r\n&lt;p&gt;&lt;strong&gt;&amp;nbsp;&lt;/strong&gt;&lt;/p&gt;', '169.00', '84.50', NULL, NULL, 'xcaret-plus', 8, 'images/pictures/1375932.png', 2, NULL, '0', '1', 'Xcaret plus | xcaret plus excursión | tour xcaret plus', 'tour xcaret plus,xcaret plus excursion,xcaret park playa del carmen,xcaret ecological park,xcaret tour cancun,cancun xcaret tour,xcaret eco theme park,xcaret quintana roo,xcaret eco-archaeological park,parque xcaret cancun', 'It''s the perfect combination, where culture and nature live in balance thus offers a place where we can enjoy, live and relax with family or friends. ', '1');
INSERT INTO `tours` (`id`, `Tour`, `Description`, `Include`, `NotInclude`, `Itinerary`, `Frequency`, `Recommendation`, `AdultPrice`, `KidPrice`, `Map`, `Youtube`, `url`, `Supplier`, `Thumbnail`, `Location`, `ListPrice`, `Kid`, `Type`, `title`, `metakeywords`, `metadescription`, `active`) VALUES
(14, 'Captain Hook', '&lt;p&gt;K&lt;span style=&quot;text-decoration: underline;&quot;&gt;ids from 6 to 12 years old, pay 50% of the Adult price&lt;/span&gt;&lt;/p&gt;\r\n&lt;p&gt;&lt;span style=&quot;text-decoration: underline;&quot;&gt;Kids from 13 years old and older, pay as an Adult&lt;/span&gt;&lt;/p&gt;\r\n&lt;p&gt;The Galleons of CAPTAIN HOOK Introducing..... THE BLACK PEARL!!!&lt;/p&gt;\r\n&lt;p&gt;In this Tour, youll get an experience full of magic and variety, reviving legends Pirates aboard the: Galleon I and Buccaneer II of CAPTAIN HOOK.&lt;/p&gt;\r\n&lt;p&gt;Staff and crew are fully outfitted in pirate costumes and cannons are fired on arrival and departure.&lt;/p&gt;\r\n&lt;p&gt;Throughout the cruise the pirates provide you an exciting telling of the history of Cancun, Isla Mujeres and the famous pirate MUNDAKA.&lt;/p&gt;\r\n&lt;p&gt;Following a delicious buffet or sit-down dinner, and while the host pirate CAPTAIN HOOK is entertaining the group with tales and illustrations of past pirate escapades, unbeknown to him another pirate ship is slowly approaching from the rear. Cloaked in total darkness, the sister ship El Galleon I, silently glides across the water pulling alongside Galleon II.&lt;/p&gt;\r\n&lt;p&gt;Suddenly CAPTAIN HOOK discovers the ship and shouts for his men to take position. The cannons are readied for attack.&lt;/p&gt;\r\n&lt;p&gt;El Galleon I, Captained by the ruthless pirate MUNDAKA, attacks with cannons. His Pirates, armed with swords and pistols, sail from the masts landing on the decks of El Galleon II, intimidating the passengers and immediately taking CAPITAN HOOK captive.&lt;/p&gt;\r\n&lt;p&gt;A sword fight ensues between the crew and pirates. The attack is enhanced with sound and light effect, and may involve group members or group leaders. Finally MUNDAKA&amp;acute;S pirates are captured, leaving him to fight alone.&lt;/p&gt;\r\n&lt;p&gt;CAPTAIN HOOK is released and a fight takes place between HOOK and MUNDAKA. Finally HOOK is able to overcome MUNDAKA and subdue him.&lt;/p&gt;\r\n&lt;p&gt;Passengers involved deciding whether the body of MUNDAKA deserves to be thrown to the sharks or returned to isle Mujeres.&lt;/p&gt;\r\n&lt;p&gt;Once defeated the enemy CAPTAIN HOOK invites everyone to celebrate by ordering all pirates to continue with the music and dances along with artificial lights in this celebration of triumph and freedom.&lt;/p&gt;', '&lt;ul&gt;\r\n&lt;li&gt;Show&lt;/li&gt;\r\n&lt;li&gt;Music&lt;/li&gt;\r\n&lt;li&gt;Dance&lt;/li&gt;\r\n&lt;li&gt;Games&lt;/li&gt;\r\n&lt;li&gt;Lifevests&lt;/li&gt;\r\n&lt;li&gt;Beverage&lt;/li&gt;\r\n&lt;li&gt;Dinner&lt;/li&gt;\r\n&lt;/ul&gt;', 'US$10 DOCK FEE SURCHARGE\r\nGround Transportation (please call us for ask a quotation)/Photos and Video\r\nSouvenirs/Tips', '&lt;ul&gt;\r\n&lt;li&gt;Register at 6:30 pm&lt;/li&gt;\r\n&lt;li&gt;The Galleon leave at 07:00 pm&lt;/li&gt;\r\n&lt;li&gt;Briefing and instructions&lt;/li&gt;\r\n&lt;li&gt;Show&lt;/li&gt;\r\n&lt;li&gt;Games&lt;/li&gt;\r\n&lt;li&gt;Dinner&lt;/li&gt;\r\n&lt;li&gt;Dance &amp;amp; Music&lt;/li&gt;\r\n&lt;li&gt;Return to Cancun at 10:30 aprox.&lt;/li&gt;\r\n&lt;/ul&gt;\r\n&lt;p&gt;&amp;nbsp;&lt;/p&gt;', 'DAILY', '&lt;p&gt;Kids from 6 to 12 years old pay 50% of the Adult Price&lt;/p&gt;\r\n&lt;p&gt;Kids from 13 year old and older pay as an Adult&lt;/p&gt;\r\n&lt;p&gt;Three Choices for Dinner:&lt;/p&gt;\r\n&lt;ul&gt;\r\n&lt;li&gt;Caribbean lobster tail&lt;/li&gt;\r\n&lt;li&gt;New York Sirloin Strip&lt;/li&gt;\r\n&lt;li&gt;Surf &amp;amp; Turf (Lobster and New York)&lt;/li&gt;\r\n&lt;/ul&gt;\r\n&lt;p&gt;Buffet: Salad Bar, Barbecued chicken, Vegetables, Rice, Bread, Dressing (Vinagrette, Thousand Island, Olive Oil), Desserts. accompanied by white or red wine.&lt;/p&gt;\r\n&lt;p&gt;Onboard Pirate entertainment (sword fiht presentation of Captain Hook and Contest.&lt;/p&gt;\r\n&lt;p&gt;Cruise the Night away on Cancun&amp;acute;s Bay.&lt;/p&gt;\r\n&lt;p&gt;Meeting Point: Maritime Terminal in Puerto Juarez&lt;/p&gt;\r\n&lt;p&gt;Duration: 07:00 pm to 11:00 pm&lt;/p&gt;\r\n&lt;p&gt;please be 30 min prior 7:00 pm for register.&lt;/p&gt;', '0.00', '0.00', NULL, NULL, 'captain-hook', 11, 'images/pictures/1485179.gif', 1, '&lt;ul&gt;\r\n&lt;li&gt;Lobster Dinner per Adult US$86&lt;/li&gt;\r\n&lt;/ul&gt;\r\n&lt;p&gt;&amp;nbsp;&lt;/p&gt;\r\n&lt;ul&gt;\r\n&lt;li&gt;New York Steak Dinner per Adult US$73&lt;/li&gt;\r\n&lt;/ul&gt;\r\n&lt;p&gt;&amp;nbsp;&lt;/p&gt;\r\n&lt;ul&gt;\r\n&lt;li&gt;Surf &amp;amp; Turf US$86&lt;/li&gt;\r\n&lt;/ul&gt;\r\n&lt;p&gt;Kids From 13 years paid like and adult and surcharge&lt;/p&gt;\r\n&lt;p&gt;Kids (6-12 years) US$43 and surcharge&lt;/p&gt;\r\n&lt;p&gt;Kids (3-5 years) not paid dinner just surcharge&lt;/p&gt;\r\n&lt;p&gt;&amp;nbsp;&lt;/p&gt;', '0', '0', 'captain hook | pirate ship tours | cancun tours', 'pirate ship tours,captain hook cancun ,captain hook pirate,pirate ship cancun,cancun pirate adventure,captain hook cruise cancun,cancun pirate cruise,pirate cruise cancun,captain hook pirate ship,pirate ship tour', 'live an exciting pirate party with Captain Hook in Cancun tour of boating this is the one with more action,this tour includes games,contests and dancing.', '1'),
(15, 'Tulum Xel-Ha All Inclusive ', '&lt;p&gt;Tulum is located approximately &lt;strong&gt;south of Cancun&lt;/strong&gt;. At 1hr and 30min. from Cancun and 40min to Playa del Carmen.&lt;/p&gt;\r\n&lt;p&gt;the perfect combination between a cultural visit not to far a way and water activities in the beatifull blue lagoon of Xel-ha.&amp;nbsp;&lt;strong&gt;Tulum means &quot;Wall&quot;&lt;/strong&gt;&lt;span&gt;&amp;nbsp;is the best and most famous example of east coast style, the name by which designates the architectural type of Mayan buildings constructed on the north coast of Quintana Roo between 1200 and 1520 AD&lt;/span&gt;&lt;/p&gt;', '&lt;ul&gt;\r\n&lt;li&gt;A/C Bus&lt;/li&gt;\r\n&lt;li&gt;Entrance at Ruins&lt;/li&gt;\r\n&lt;li&gt;Tour guide&lt;/li&gt;\r\n&lt;li&gt;Park Xel-Ha All Inclusive&lt;/li&gt;\r\n&lt;/ul&gt;\r\n&lt;p&gt;&amp;nbsp;&lt;/p&gt;', ' Swim with Dolphin and optional activities. Park Xcaret Night Show, Chikin-Ha Kantenah.', '&lt;ul&gt;\r\n&lt;li&gt;Departure from Cancun 8:15am&lt;/li&gt;\r\n&lt;li&gt;Arrival to Xel-Ha 9:45am&lt;/li&gt;\r\n&lt;li&gt;Departure from Xel-Ha 2:30pm&lt;/li&gt;\r\n&lt;li&gt;Arrival to Tulum 2:45pm&lt;/li&gt;\r\n&lt;li&gt;Departure from Tulum 4:45pm&lt;/li&gt;\r\n&lt;li&gt;Arrival to Cancun 6:30pm&lt;/li&gt;\r\n&lt;/ul&gt;', 'DAILY', '&lt;p&gt;Bring:&lt;/p&gt;\r\n&lt;ul&gt;\r\n&lt;li&gt;Comfortable shoes &amp;amp; clothe&lt;/li&gt;\r\n&lt;li&gt;biodegradable sunscreen&lt;/li&gt;\r\n&lt;li&gt;biodegradable insect repellent&lt;/li&gt;\r\n&lt;li&gt;camera&lt;/li&gt;\r\n&lt;li&gt;extra money for shopping&lt;/li&gt;\r\n&lt;/ul&gt;', '159.00', '79.50', NULL, NULL, 'tulum-xel-ha-all-inclusive-', 8, 'images/pictures/1527369.png', 5, NULL, '0', '1', 'Tulum Xel-Ha All Inclusive  | tulum xel-ha tours | tours xel ha', 'tulum xel-ha tours,tulum xel-ha all inclusive excursion,tulum mayan ruins tours,tulum xel ha all inclusive,tulum excursion,tours xel ha,xel ha tours,xel ha mayan riviera,xel ha mayan,xel-ha park', 'is a unique experience where you know about the most important culture of the region, and relax in natural spa is fantastic around the world.', '1'),
(16, 'Paradise ATV &amp; Speed Boat', '&lt;p&gt;&lt;span&gt;Combine a perfect land and sea day full of fun.&amp;nbsp; Your tour begins when you arrive at the spectacular Maroma Beach in the Riviera Maya, considered to be one of the top beaches in the world by independent reviewers, including Travel Discovery Channel.Our friendly staff will welcome you to Marina Maroma Paradise and offer a brief explanation about your ATV and Speedboat tour.&amp;nbsp; Then, head toward the starting point and drive your Paradise ATV through tropical scenery full of action and speed.&amp;nbsp; Spend 45 minutes on a four wheel ATV; you will be in control of your own vehicle with a professional guide to lead the way through the terrain and jungle paths.&amp;nbsp; Ride past secret white sand dunes, a magical wilderness with stunning views.&amp;nbsp; Hold on tight!&amp;nbsp; Teens and adults will have a great time.After your ATV time is up, return to the starting point in Marina Maroma Paradise, and head to the beach to continue the adventure;&amp;nbsp; as you board your speedboat for more fun.&amp;nbsp; Feel the rush of adrenaline as you drive your own speedboat through crystal clear waters along the magnificent coast.&amp;nbsp; Breathe in the fresh breeze and glide in curves and in straight directions toward the marvelous beach landscapes of Maroma Bay.&amp;nbsp; Spend 45 minutes behind the wheel of your speedboat and head back to the starting point.&amp;nbsp; At the finish line you can use the beach facilities of Marina Maroma.&lt;/span&gt;&lt;/p&gt;', '&lt;ul&gt;\r\n&lt;li&gt;Equipment&lt;/li&gt;\r\n&lt;li&gt;Ground Transportation Round Trip&lt;/li&gt;\r\n&lt;li&gt;tax&lt;/li&gt;\r\n&lt;li&gt;local medical insurance&lt;/li&gt;\r\n&lt;li&gt;soft drinks&lt;/li&gt;\r\n&lt;li&gt;water&lt;/li&gt;\r\n&lt;li&gt;beans and chips&amp;nbsp;&lt;/li&gt;\r\n&lt;/ul&gt;', 'US$2 Federal Marine Park and dock fee payable upon check in.', '&lt;ul&gt;\r\n&lt;li&gt;Register&lt;/li&gt;\r\n&lt;li&gt;Briefing and Instruction&lt;/li&gt;\r\n&lt;li&gt;ATV&amp;acute;s 45 minutes&lt;/li&gt;\r\n&lt;li&gt;Speed boat 45 minutes&lt;/li&gt;\r\n&lt;li&gt;Refreshments and snacks&lt;/li&gt;\r\n&lt;/ul&gt;', 'Mon to Sat', '&lt;p&gt;&lt;span style=&quot;text-decoration: underline;&quot;&gt;Meeting Point: Marina Maroma (High way Canc&amp;uacute;n-Tulum) Km 55 Riviera Maya&lt;/span&gt;&lt;/p&gt;\r\n&lt;p&gt;Tour Times: 09:30 am&lt;/p&gt;\r\n&lt;p&gt;&amp;nbsp;&amp;nbsp;&amp;nbsp;&amp;nbsp;&amp;nbsp;&amp;nbsp;&amp;nbsp;&amp;nbsp;&amp;nbsp;&amp;nbsp;&amp;nbsp;&amp;nbsp;&amp;nbsp;&amp;nbsp;&amp;nbsp;&amp;nbsp; &amp;nbsp;11:30 am&lt;/p&gt;\r\n&lt;p&gt;&amp;nbsp;&amp;nbsp;&amp;nbsp;&amp;nbsp;&amp;nbsp;&amp;nbsp;&amp;nbsp;&amp;nbsp;&amp;nbsp;&amp;nbsp;&amp;nbsp;&amp;nbsp;&amp;nbsp;&amp;nbsp;&amp;nbsp;&amp;nbsp;&amp;nbsp; 03:00 pm&lt;/p&gt;\r\n&lt;p&gt;ATV &amp;amp; Speed Boats available on sharing or single occupancy.&lt;/p&gt;\r\n&lt;p&gt;&lt;strong&gt;Single Unit &lt;/strong&gt;Price per Adult US$95&lt;/p&gt;\r\n&lt;p&gt;&lt;strong&gt;Shared Units&lt;/strong&gt; Price Per Adult US$74&lt;/p&gt;\r\n&lt;p&gt;&lt;strong&gt;Kid with an adult &lt;/strong&gt;US$51&lt;/p&gt;\r\n&lt;p&gt;&lt;strong&gt;Do not allow kids under 10 years because is an extreme activity&lt;/strong&gt;&lt;/p&gt;\r\n&lt;p&gt;We suggest to bring:&lt;/p&gt;\r\n&lt;p&gt;Comfortable clothing and walking shoes (No flip flops)&lt;/p&gt;\r\n&lt;p&gt;Bathing suit on&lt;/p&gt;\r\n&lt;p&gt;Towel&lt;/p&gt;\r\n&lt;p&gt;extra cash for photos, crafts and souvenirs, tips&lt;/p&gt;', '0.00', '0.00', NULL, NULL, 'paradise-atv-and-speed-boat', 25, 'images/pictures/hd04hsdminiATV&SPEEDBOAT.jpg', 2, '&lt;ul&gt;\n&lt;li&gt;Single Unit Price per Adult US$95&lt;/li&gt;\n&lt;/ul&gt;\n&lt;p&gt;&amp;nbsp;&lt;/p&gt;\n&lt;ul&gt;\n&lt;li&gt;Shared Units Price per Adult US$74&lt;/li&gt;\n&lt;/ul&gt;\n&lt;p&gt;&amp;nbsp;&lt;/p&gt;\n&lt;ul&gt;\n&lt;li&gt;Kid with an adult US$51&lt;/li&gt;\n&lt;/ul&gt;\n&lt;p&gt;&amp;nbsp;&lt;/p&gt;\n&lt;p&gt;&amp;nbsp;&lt;/p&gt;', '0', '2', 'Paradise ATV n'' Speed Boat | Riviera Maya ', NULL, NULL, '1'),
(17, 'ATV Jungle Expedition', '&lt;p&gt;&lt;span style=&quot;font-size: small; font-family: arial, helvetica, sans-serif;&quot;&gt;Our excursion begins with pick up at the lobby of the hotel, once all our guests are onboard; our journey begins towards the community of &amp;ldquo;Central Vallarta&amp;rdquo;, where our park is located, just 40 Minutes away from Cancun or Playa del Carmen.&lt;/span&gt;&lt;/p&gt;\n&lt;p&gt;&lt;span style=&quot;font-size: small; font-family: arial, helvetica, sans-serif;&quot;&gt;&amp;nbsp;&lt;/span&gt;&lt;/p&gt;\n&lt;p&gt;&lt;span style=&quot;font-size: small; font-family: arial, helvetica, sans-serif;&quot;&gt;Upon arrival, all guests are greeted at the &amp;ldquo;Casa Zatara&amp;rdquo;, this beautiful palapa has first class services including W/C, lockers, restaurant deck &amp;amp; bar, all in a unique ambiance, after check-in, our first activity will be the &lt;strong&gt;&amp;ldquo;Extreme Canopy Tour&amp;rdquo;&lt;/strong&gt;. In order to do this our staff will equip each guest with harnesses, security pulleys, helmets and gloves, our personnel will be in charge that all equipment is properly fitted.&lt;/span&gt;&lt;/p&gt;\n&lt;p&gt;&lt;span style=&quot;font-size: small; font-family: arial, helvetica, sans-serif;&quot;&gt;&amp;nbsp;&lt;/span&gt;&lt;/p&gt;\n&lt;p&gt;&lt;span style=&quot;font-size: small; font-family: arial, helvetica, sans-serif;&quot;&gt;Since security is a fundamental part of our park, precise instructions will be given on how the activity must be performed.&amp;nbsp; Our circuit includes 12 zip lines of1.5 mileslong, where guests will be able to admire the great vegetation and the awesome fauna of the region.&lt;/span&gt;&lt;/p&gt;\n&lt;p&gt;&lt;span style=&quot;font-size: small; font-family: arial, helvetica, sans-serif;&quot;&gt;&amp;nbsp;&lt;/span&gt;&lt;/p&gt;\n&lt;p&gt;&lt;span style=&quot;font-size: small; font-family: arial, helvetica, sans-serif;&quot;&gt;After this amazing activity, get ready to board one of our &amp;ldquo;ATV Polaris Trailboss&amp;rdquo;, a 330cc engine ATV&amp;rsquo;S, to rally through our magical pathways in a 30 minutes ride into our cenote &amp;ldquo;Lukuma&amp;rdquo;, this huge natural swimmable cavern will dazzle you with its natural beauty. In order to drive the vehicles, you must be 16 years minimum, valid ID and credit card required.&lt;/span&gt;&lt;/p&gt;\n&lt;p&gt;&lt;span style=&quot;font-size: small; font-family: arial, helvetica, sans-serif;&quot;&gt;&amp;nbsp;&lt;/span&gt;&lt;/p&gt;\n&lt;p&gt;&lt;span style=&quot;font-size: small; font-family: arial, helvetica, sans-serif;&quot;&gt;Back to Selvatica&amp;rsquo;s premises a complimentary light lunch and water will be waiting. Photos, videos, additional extreme activities, snacks and souvenirs can be bought in our &amp;ldquo;palapa&amp;rdquo;&lt;/span&gt;.&lt;/p&gt;', '&lt;p&gt;&lt;span style=&quot;font-size: 13.0pt; font-family: &#039;Maiandra GD&#039;,&#039;sans-serif&#039;; mso-fareast-font-family: &#039;Times New Roman&#039;; mso-bidi-font-family: &#039;Times New Roman&#039;; color: #003300; mso-ansi-language: EN-US; mso-fareast-language: ES; mso-bidi-language: AR-SA;&quot; lang=&quot;EN-US&quot;&gt;Roundtrip transportation, Extreme Canopy Tour, lockers, ATV Polaris, Cenote Swim, life vest, guided services, lunch and drinks.&lt;/span&gt;&lt;/p&gt;', 'Tips\nSouvenirs\nPhotos\nDVD&#039;s', '&lt;p&gt;Monday to Saturday&lt;/p&gt;', 'Monday to Saturday', '&lt;p&gt;&lt;span style=&quot;font-family: arial, helvetica, sans-serif; font-size: small;&quot;&gt;Restrictions: No pregnant women, back pains, or heart problems, maximum weight260 Lbs., maximum waist size47 in. Childs under 16 are not permitted.&lt;/span&gt;&lt;/p&gt;\n&lt;p&gt;&lt;span style=&quot;font-family: arial, helvetica, sans-serif; font-size: small;&quot;&gt;Maximum capacity: 12 pax per tour.&lt;/span&gt;&lt;/p&gt;\n&lt;p&gt;&lt;span style=&quot;font-family: arial, helvetica, sans-serif; font-size: small;&quot;&gt;&amp;nbsp;&lt;/span&gt;&lt;/p&gt;\n&lt;p&gt;&lt;span style=&quot;font-family: arial, helvetica, sans-serif; font-size: small;&quot;&gt;What to Bring:&lt;/span&gt;&lt;/p&gt;\n&lt;p&gt;&lt;span style=&quot;font-family: arial, helvetica, sans-serif; font-size: small;&quot;&gt;Extra cash for souvenirs&lt;/span&gt;&lt;/p&gt;\n&lt;p&gt;&lt;span style=&quot;font-family: arial, helvetica, sans-serif; font-size: small;&quot;&gt;Extra clothes in case you get wet or dirty&lt;/span&gt;&lt;/p&gt;\n&lt;p&gt;&lt;span style=&quot;font-family: arial, helvetica, sans-serif; font-size: small;&quot;&gt;Bathing Suit &amp;amp; Towel&lt;/span&gt;&lt;/p&gt;\n&lt;p&gt;&lt;span style=&quot;font-family: arial, helvetica, sans-serif; font-size: small;&quot;&gt;Sun protector&lt;/span&gt;&lt;/p&gt;\n&lt;p&gt;&lt;span style=&quot;font-family: arial, helvetica, sans-serif; font-size: small;&quot;&gt;Sunglasses&lt;/span&gt;&lt;/p&gt;\n&lt;p&gt;&lt;span style=&quot;font-family: arial, helvetica, sans-serif; font-size: small;&quot;&gt;Hat or cap&lt;/span&gt;&lt;/p&gt;\n&lt;p&gt;&lt;span style=&quot;font-family: arial, helvetica, sans-serif; font-size: small;&quot;&gt;Light clothes and confortable shoes&lt;/span&gt;&lt;/p&gt;', '135.00', '0.00', NULL, NULL, 'atv-jungle-expedition', 5, 'images/pictures/9645739.jpg', 1, NULL, '1', '1', 'Atv Jungle Expedition | Cancun ', NULL, NULL, '1'),
(18, 'Corona Rally', '&lt;p&gt;&lt;span style=&quot;font-family: arial, helvetica, sans-serif; font-size: small;&quot;&gt;Our excursion begins with pick up at the lobby of each hotel, once all our guests are on board; our journey begins towards the community of Central Vallarta, where our park is located, just 40 Minutes away from Cancun or Playa del Carmen.&lt;/span&gt;&lt;/p&gt;\r\n&lt;p&gt;&lt;span style=&quot;font-family: arial, helvetica, sans-serif; font-size: small;&quot;&gt;&amp;nbsp;&lt;/span&gt;&lt;/p&gt;\r\n&lt;p&gt;&lt;span style=&quot;font-family: arial, helvetica, sans-serif; font-size: small;&quot;&gt;The famous Mexican beer sponsors this unique adventure, where a combination of activities makes this tour the most sought after in the whole region.&lt;/span&gt;&lt;/p&gt;\r\n&lt;p&gt;&lt;span style=&quot;font-family: arial, helvetica, sans-serif; font-size: small;&quot;&gt;&amp;nbsp;&lt;/span&gt;&lt;/p&gt;\r\n&lt;p&gt;&lt;span style=&quot;font-family: arial, helvetica, sans-serif; font-size: small;&quot;&gt;Upon arrival, all guests are greeted at the &amp;ldquo;Casa Zatara&amp;rdquo;, this beautiful palapa has first class services including W/C, lockers, restaurant deck &amp;amp; bar, all in a unique ambiance, after check-in, our first activity will be the &lt;strong&gt;&amp;ldquo;Extreme Canopy Tour&amp;rdquo;&lt;/strong&gt;. In order to do this our staff will equip each guest with harnesses, security pulleys, helmets and gloves, our personnel will be in charge that all equipment is properly fitted.&lt;/span&gt;&lt;/p&gt;\r\n&lt;p&gt;&lt;span style=&quot;font-family: arial, helvetica, sans-serif; font-size: small;&quot;&gt;&amp;nbsp;&lt;/span&gt;&lt;/p&gt;\r\n&lt;p&gt;&lt;span style=&quot;font-family: arial, helvetica, sans-serif; font-size: small;&quot;&gt;Since security is a fundamental part of our park, precise instructions will be given on how the activity must be performed.&amp;nbsp; Our circuit includes 12 zip lines of1.5 mileslong, where guests will be able to admire the great vegetation and the awesome fauna of the region.&lt;/span&gt;&lt;/p&gt;\r\n&lt;p&gt;&lt;span style=&quot;font-family: arial, helvetica, sans-serif; font-size: small;&quot;&gt;&amp;nbsp;&lt;/span&gt;&lt;/p&gt;\r\n&lt;p&gt;&lt;span style=&quot;font-family: arial, helvetica, sans-serif; font-size: small;&quot;&gt;After this amazing activity, get ready to board one of our &amp;ldquo;Corona Buggy&amp;rsquo;s&amp;rdquo;, a 800 cc engine Polaris cars, to rally through our magical pathways in a 30 minutes ride into our cenote &amp;ldquo;Lukuma&amp;rdquo;, this huge natural swimmable cavern will dazzle you with its natural beauty. In order to drive the vehicles, you must be 16 years minimum, valid ID and credit card required.&lt;/span&gt;&lt;/p&gt;\r\n&lt;p&gt;&lt;span style=&quot;font-family: arial, helvetica, sans-serif; font-size: small;&quot;&gt;&amp;nbsp;&lt;/span&gt;&lt;/p&gt;\r\n&lt;p&gt;&lt;span style=&quot;font-family: arial, helvetica, sans-serif; font-size: small;&quot;&gt;Back to Selvatica&amp;rsquo;s premises a complimentary light lunch and water will be waiting. Photos, videos, additional extreme activities, snacks and souvenirs can be bought in our &amp;ldquo;palapa&amp;rdquo;.&lt;/span&gt;&lt;/p&gt;', '&lt;p&gt;&lt;span style=&quot;font-size: 13.0pt; font-family: &#039;Maiandra GD&#039;,&#039;sans-serif&#039;; mso-fareast-font-family: &#039;Times New Roman&#039;; mso-bidi-font-family: &#039;Times New Roman&#039;; color: #003300; mso-ansi-language: EN-US; mso-fareast-language: ES; mso-bidi-language: AR-SA;&quot; lang=&quot;EN-US&quot;&gt;Roundtrip transportation, Extreme Canopy Tour, lockers, Corona Buggy, Cenote Swim, life vest, guided services, lunch and drinks.&lt;/span&gt;&lt;/p&gt;', 'Tips\r\nPictures\r\nDVD\r\nSouvenirs', '&lt;p&gt;Monday to Saturday&lt;/p&gt;', 'Monday to Saturday', '&lt;p&gt;What to wear:&lt;/p&gt;\r\n&lt;p&gt;Light clothing &amp;amp; confortable shoes&lt;/p&gt;\r\n&lt;p&gt;Hat or Cap&lt;/p&gt;\r\n&lt;p&gt;Sunglasses&lt;/p&gt;\r\n&lt;p&gt;Sun Protector&lt;/p&gt;\r\n&lt;p&gt;&amp;nbsp;&lt;/p&gt;\r\n&lt;p&gt;What to Bring:&lt;/p&gt;\r\n&lt;p&gt;Extra cash for souvenirs&lt;/p&gt;\r\n&lt;p&gt;Extra clothes in case toy get wet or dirty&lt;/p&gt;\r\n&lt;p&gt;Bathing suit &amp;amp; towel&lt;/p&gt;', '135.00', '75.00', NULL, NULL, 'corona-rally', 5, 'images/pictures/9400272.JPG', 3, NULL, '0', '1', 'Corona Rally | Playa del Carmen', NULL, NULL, '1'),
(19, 'Dancer Day', '&lt;p&gt;Enjoy a great Party and impeccable service, cleanliness, spacious comfort, char-grilled foods and open bar while sailing the Caribbean.&lt;/p&gt;\r\n&lt;p&gt;Tour Ocean-Facing Maya Ruins. Snorkel Marine life filled reefs.&lt;/p&gt;\r\n&lt;p&gt;Jump from a diving board before rinsing with fresh water. Sun from comfort of lounge chairs.&lt;/p&gt;\r\n&lt;p&gt;That&amp;acute;s Dancer&amp;acute;s floating reef club! Shop and Tour Isla Mujeres.&lt;/p&gt;\r\n&lt;p&gt;Laugh and Smile on a lively, animated and danced filled return to Cancun.&lt;/p&gt;\r\n&lt;p&gt;&amp;nbsp;&lt;/p&gt;', '&lt;ul&gt;\r\n&lt;li&gt;Snorkel equipment&lt;/li&gt;\r\n&lt;li&gt;Beverage&lt;/li&gt;\r\n&lt;li&gt;Buffet&lt;/li&gt;\r\n&lt;li&gt;Time for Shopping in Isla Mujeres&lt;/li&gt;\r\n&lt;/ul&gt;\r\n&lt;p&gt;&amp;nbsp;&lt;/p&gt;', 'US$4 Dock fee\r\nTowels (for sale US$10)\r\nGround Transportation (please call us and ask for a quotation)/Tips', '&lt;ul&gt;\r\n&lt;li&gt;Register 10:30 am&lt;/li&gt;\r\n&lt;li&gt;Boat Leave 11:00 am&lt;/li&gt;\r\n&lt;li&gt;Snorkel&lt;/li&gt;\r\n&lt;li&gt;Visit to Isla Mujeres&lt;/li&gt;\r\n&lt;li&gt;Return to Cancun until 06:00 pm&lt;/li&gt;\r\n&lt;/ul&gt;\r\n&lt;p&gt;&amp;nbsp;&lt;/p&gt;\r\n&lt;p&gt;&amp;nbsp;&lt;/p&gt;', 'MONDAY TO SATURDAY', '&lt;p&gt;Meeting Point: &lt;span style=&quot;text-decoration: underline;&quot;&gt;Playa Tortugas Boulevard Kukulc&amp;aacute;n Km 6.5&lt;/span&gt;&lt;/p&gt;\r\n&lt;p&gt;Infant under 5 years old is Free with an adult.&lt;/p&gt;\r\n&lt;p&gt;We Suggest:&lt;/p&gt;\r\n&lt;ul&gt;\r\n&lt;li&gt;Licensed Driver is required for Isla Golf cart rentals (the golf rental is not included),&lt;/li&gt;\r\n&lt;li&gt;Comfortable walking shoes and clothing&lt;/li&gt;\r\n&lt;li&gt;Swim suit&lt;/li&gt;\r\n&lt;li&gt;Towel&lt;/li&gt;\r\n&lt;li&gt;Biodegradable sunscreen&lt;/li&gt;\r\n&lt;li&gt;Money for shopping and tips&lt;/li&gt;\r\n&lt;/ul&gt;\r\n&lt;p&gt;&amp;nbsp;IMPORTANT!&lt;/p&gt;\r\n&lt;p&gt;for the month of June this tour will not be available for the following&amp;nbsp;days:&lt;/p&gt;\r\n&lt;ul&gt;\r\n&lt;li&gt;June 5&lt;/li&gt;\r\n&lt;li&gt;June 8&lt;/li&gt;\r\n&lt;li&gt;June 13&lt;/li&gt;\r\n&lt;li&gt;June 15&lt;/li&gt;\r\n&lt;li&gt;June 19 and 20&lt;/li&gt;\r\n&lt;li&gt;June 27 and 28&lt;/li&gt;\r\n&lt;/ul&gt;', '81.00', '51.00', NULL, NULL, 'dancer-day', 12, 'images/pictures/3ixtwa2x69iplDancerdia01.jpg', 1, NULL, '0', '1', 'Dancer Day | cancun day activities |cancun cruises	', 'cancun all tours,cancun dance,parties in cancun,cancun activity,cruise and tours,cruise and tours,cancun travel vacation,cancun dancing,cruise trip,cruise dance.', 'Enjoy a great party, jump from diving board before rinsing with fresh water,That dancer floating reef club!laugh and smile on a live animated dancer day tour.', '1'),
(20, 'Paradise ATV &amp; Wave Runner', '&lt;p&gt;Drive your &lt;strong&gt;4 wheels ATV &lt;/strong&gt;trough the jungle for &lt;strong&gt;45 &lt;/strong&gt;minutes and &lt;strong&gt;enjoy mother nature &lt;/strong&gt;at its best after that, Drive your own &lt;strong&gt;wave runner &lt;/strong&gt;for &lt;strong&gt;25&lt;/strong&gt; minutes over the Caribbean sea and let the adrenaline take you to total &lt;strong&gt;freedom&lt;/strong&gt;.&amp;nbsp;&lt;/p&gt;', '&lt;ul&gt;\r\n&lt;li&gt;Equipment&lt;/li&gt;\r\n&lt;li&gt;Ground Transportation Round Trip&lt;/li&gt;\r\n&lt;li&gt;Tax&lt;/li&gt;\r\n&lt;li&gt;local medical insurance&lt;/li&gt;\r\n&lt;li&gt;soft drinks&lt;/li&gt;\r\n&lt;li&gt;water&lt;/li&gt;\r\n&lt;li&gt;beans and chips&lt;/li&gt;\r\n&lt;/ul&gt;', 'US$2 Federal Marine Park and dock fee payable upon check in.', '&lt;ul&gt;\r\n&lt;li&gt;Register&lt;/li&gt;\r\n&lt;li&gt;Briefing and Instructions&lt;/li&gt;\r\n&lt;li&gt;ATV&amp;acute;s 45 minutes&lt;/li&gt;\r\n&lt;li&gt;Waverunner 25 minutes&lt;/li&gt;\r\n&lt;li&gt;Refreshments and snacks&lt;/li&gt;\r\n&lt;/ul&gt;', 'Mon to Sat', '&lt;p&gt;Meeting Point: &lt;span style=&quot;text-decoration: underline;&quot;&gt;Marina Maroma High way Can&amp;uacute;n -Tulum Km 55 Riviera Maya&lt;/span&gt;&lt;/p&gt;\r\n&lt;p&gt;ATV &amp;amp; Wave Runner available on sharing or single occupancy.&lt;/p&gt;\r\n&lt;p&gt;&lt;strong&gt;Single Unit &lt;/strong&gt;Price per Adult US$115&lt;/p&gt;\r\n&lt;p&gt;&lt;strong&gt;Shared Units &lt;/strong&gt;Price per Adult US$100&lt;/p&gt;\r\n&lt;p&gt;&lt;strong&gt;Kids under 17 &lt;/strong&gt;with a paying adult as a companion US$70&lt;/p&gt;\r\n&lt;p&gt;&lt;strong&gt;Do not allow kids under 10 years&lt;/strong&gt;&lt;/p&gt;', '0.00', '0.00', NULL, NULL, 'paradise-atv-and-wave-runner', 25, 'images/pictures/y2o5wvbminiatvwr.jpg', 2, '&lt;ul&gt;\r\n&lt;li&gt;Single Unit Price per Adult US$115&lt;/li&gt;\r\n&lt;/ul&gt;\r\n&lt;p&gt;&amp;nbsp;&lt;/p&gt;\r\n&lt;ul&gt;\r\n&lt;li&gt;Shared Units Price per Adult US$100&lt;/li&gt;\r\n&lt;/ul&gt;\r\n&lt;p&gt;&amp;nbsp;&lt;/p&gt;\r\n&lt;ul&gt;\r\n&lt;li&gt;Kids under 17 with a paying adult as a companion US$70&lt;/li&gt;\r\n&lt;/ul&gt;\r\n&lt;p&gt;&amp;nbsp;&lt;/p&gt;', '0', '2', 'Paradise ATV & Wave Runner | paradise adventure tours', 'Paradise ATV & Wave Runner,cancun atv,atv waverunner,atv wave runner,paradise adventure tours,atv adventure tours,atv adventures,paradise atv tour,cancun atv tours,cancun tours', 'Discover and feel the wildlife of the region in this sensational tour. driving through the jungle a 4 wheel ATV for 45 min. ', '1'),
(21, 'Xel-Ha All Inclusive', '&lt;p&gt;The park is centered around the natural inlet and lagoon, which is promoted as one of the main attractions of the park that forms with the flow of the river through rocks mixing salty waters with fresh underground water currents.&lt;br /&gt;Xel-H&amp;aacute; considered the largest aquarium in the world where hundreds of species inhabit; such as tropical fish and an abundant flora. In the park there is also a turtle reserve, and butterfly reserve,&amp;nbsp;where research is constantly carried out to learn more about marine life and contribute with the ecological maintenance of the area.&lt;br /&gt;the public is permitted to swim and snorkel in the lagoon. Underwater the limestone has been eroded into a myriad of small caves and grottos.&lt;/p&gt;\r\n&lt;p&gt;&amp;nbsp;&lt;/p&gt;', '&lt;ul&gt;\r\n&lt;li&gt;A/C Bus&lt;/li&gt;\r\n&lt;li&gt;Tour guide&lt;/li&gt;\r\n&lt;li&gt;Entrance to The Natural Wonder&lt;/li&gt;\r\n&lt;li&gt;Beverages and food for 8 hrs.&lt;/li&gt;\r\n&lt;li&gt;Towels&lt;/li&gt;\r\n&lt;li&gt;Lockers&lt;/li&gt;\r\n&lt;li&gt;Bicycle&lt;/li&gt;\r\n&lt;li&gt;Hiking&lt;/li&gt;\r\n&lt;/ul&gt;\r\n&lt;p&gt;&amp;nbsp;&lt;/p&gt;\r\n&lt;ul&gt;\r\n&lt;li&gt;Hiking&lt;/li&gt;\r\n&lt;/ul&gt;\r\n&lt;p&gt;&amp;nbsp;&lt;/p&gt;', '&lt;ul&gt;\r\n&lt;li&gt;Pick up from&amp;nbsp;the hotel at 7:00am&lt;/li&gt;\r\n&lt;li&gt;Arrival at Xel-Ha at 10:00am approx&lt;/li&gt;\r\n&lt;li&gt;Activities&lt;/li&gt;\r\n&lt;li&gt;Free time&lt;/li&gt;\r\n&lt;li&gt;Arrival to Cancun at 6:oopm approx&lt;/li&gt;\r\n&lt;/ul&gt;', '', 'DAILY', '&lt;p&gt;Comfortable shoes and clothing, swim suit, biodegradable sunscreen, mosquito repellent, hat and money for shopping.&lt;/p&gt;\r\n&lt;p&gt;Snorkeling equipment, towel and locker&amp;nbsp;(USD$20 deposit)&lt;/p&gt;', '139.00', '69.50', NULL, NULL, 'xel-ha-all-inclusive', 8, 'images/pictures/2103555.png', 5, NULL, '0', '1', 'Xel-Ha All Inclusive | xel ha all inclusive | xel-ha park ', 'tours xel ha,xel ha todo incluido,xel ha all inclusive,cancun day trips,xel-ha park,cancun xel ha,parque xel ha,tours cancun,tulum tours,tours xcaret. ', 'Our Natural Wonder and its open-sea aquarium offer a myriad of land and water activities,ecological attractions, world-class restaurants,and much more.', '1'),
(22, 'Ek Balam - Hubiku - Aldea Maya', '&lt;p&gt;This Tour was designed for all&amp;nbsp;that loved of the naturale&lt;/p&gt;\r\n&lt;p&gt;this tour is perfect to know the Riviera Maya and to enjoy with the&lt;/p&gt;\r\n&lt;p&gt;Family.&lt;/p&gt;', '&lt;p&gt;*A/C Bus&lt;/p&gt;\r\n&lt;p&gt;*Entrance to Ek Balam Zone&lt;/p&gt;\r\n&lt;p&gt;*Breakbfast in the bus&lt;/p&gt;\r\n&lt;p&gt;*Entrance to Ecologic Park Hubiku&lt;/p&gt;\r\n&lt;p&gt;*Buffet Lunch&lt;/p&gt;\r\n&lt;p&gt;*Visit to Valladolid for 30min.&lt;/p&gt;', NULL, '&lt;p&gt;Departure from cancun arround 8:15 and arriving at Ek Balam at 10:15.&lt;/p&gt;\r\n&lt;p&gt;going to Ecologic Park and visit the Cenote in Hubiku&lt;/p&gt;\r\n&lt;p&gt;after that lunch in the restaurant Aldea Maya to be there untill 13:00 hrs.&lt;/p&gt;\r\n&lt;p&gt;going to Valladolid 30min. and getting back to&amp;nbsp;Cancun at 17:30&amp;nbsp;&lt;/p&gt;', 'Tuesday- Thursday', '&lt;p&gt;*Shoes and Clothing Comfortable&lt;/p&gt;\r\n&lt;p&gt;*Repelent Mosquito&lt;/p&gt;\r\n&lt;p&gt;*Sunscreen block&lt;/p&gt;', '139.00', '109.00', NULL, NULL, 'ek-balam-hubiku-aldea-maya', 9, 'images/pictures/2210909.gif', 2, NULL, '0', '1', 'Ek Balam - Hubiku - Aldea Maya', NULL, NULL, '1'),
(23, 'Mayan Xtreme', '&lt;p&gt;&lt;span&gt;Be a part of&amp;nbsp;&lt;/span&gt;&lt;strong&gt;nature&lt;/strong&gt;&lt;span&gt;&amp;nbsp;as you experience the most thrilling adventure ride. Blend yourself in a perfect mixture of adventure &amp;amp;&amp;nbsp;&lt;/span&gt;&lt;strong&gt;nature&lt;/strong&gt;&lt;span&gt;. Fly 20 meters (60 feet) above the jungle&amp;nbsp;&lt;/span&gt;&lt;strong&gt;canopy&lt;/strong&gt;&lt;span&gt;on the fastest zip line ride in the region! Test your tenacity as you rappel 21 meters (70 ft) down into the mayan jungle. Afterwards, wind down and snorkel in the mystical waters of an underground river with crystal clear waters and astounding rock formations. Delight yourself by sampling real Mexican cuisine as a perfect finish.&lt;/span&gt;&lt;/p&gt;', '&lt;p&gt;* Transportation in air-conditioned van&lt;/p&gt;\r\n&lt;p&gt;* Professional bilingual guide&lt;/p&gt;\r\n&lt;p&gt;* snorkeling &amp;amp; climing equipment&lt;/p&gt;\r\n&lt;p&gt;* Prescription mask available on request&lt;/p&gt;\r\n&lt;p&gt;* Lunch &amp;amp; beverages&amp;nbsp;&lt;/p&gt;\r\n&lt;p&gt;* Insurance&lt;/p&gt;\r\n&lt;p&gt;* Taxes&lt;/p&gt;', '* Photos\r\n* Tips', '&lt;p&gt;Pick up lobby at 7:30&lt;/p&gt;\r\n&lt;p&gt;tour estimate time 6 hr&amp;nbsp;&lt;/p&gt;', '', '&lt;ul&gt;\r\n&lt;li&gt;Basic swimming skills required.&lt;/li&gt;\r\n&lt;li&gt;This&amp;nbsp;&lt;strong&gt;tour&lt;/strong&gt;&amp;nbsp;is not suitable for people with severe physical or motor handicap, serious heart problems, or people who are not able to handle moderate physical activity.&lt;/li&gt;\r\n&lt;li&gt;Children under the age of 6 may participate under the responsibility and direct supervision of a responsible parent or family member.&lt;/li&gt;\r\n&lt;li&gt;&lt;strong&gt;&lt;span&gt;People under the influence of alcohol or drugs will not be permitted to participate in this&amp;nbsp;&lt;strong&gt;tour&lt;/strong&gt;.&lt;/span&gt;&lt;/strong&gt;&lt;/li&gt;\r\n&lt;/ul&gt;\r\n&lt;ul&gt;\r\n&lt;li&gt;Comfortable clothes and footwear&lt;/li&gt;\r\n&lt;li&gt;Water shoes&lt;/li&gt;\r\n&lt;li&gt;Sunglasses and a hat&lt;/li&gt;\r\n&lt;li&gt;Bathing suit&lt;/li&gt;\r\n&lt;li&gt;Extra T-shirt and&amp;nbsp;&lt;strong&gt;Towel&lt;/strong&gt;&lt;/li&gt;\r\n&lt;li&gt;&lt;strong&gt;BIODEGRADABLE sunscreen and mosquito repellent&lt;/strong&gt;&lt;/li&gt;\r\n&lt;/ul&gt;\r\n&lt;p&gt;&lt;strong&gt;&lt;span&gt;&amp;nbsp;&lt;/span&gt;&lt;/strong&gt;&lt;/p&gt;', '0.00', '0.00', NULL, NULL, 'mayan-xtreme', 29, 'images/pictures/2357246.gif', 2, NULL, '0', '2', 'mayan-xtreme', NULL, NULL, '1'),
(24, 'Mayan Adventure', '&lt;p&gt;&lt;br /&gt;&lt;span&gt;Live a wonderful jungle and ocean experience, discover in one day three extraordinary ecosystems of the Mayan world. Surprise yourself with&amp;nbsp;&lt;/span&gt;&lt;strong&gt;Mexico&lt;/strong&gt;&lt;span&gt;&amp;acute;s biodiversity and join us in the snorkeling&amp;nbsp;&lt;/span&gt;&lt;strong&gt;tour&lt;/strong&gt;&lt;span&gt;&amp;nbsp;that will change your way of feeling&amp;nbsp;&lt;/span&gt;&lt;strong&gt;nature&lt;/strong&gt;&lt;span&gt;. We will dive into the turquoise waters of the mexican&amp;nbsp;&lt;/span&gt;&lt;strong&gt;caribbean&lt;/strong&gt;&lt;span&gt;&amp;nbsp;surrounded by exotic marine life; explore an underground river in the middle of the jungle, and discover the mystical wonders of the mayan sinkholes (cenotes). We will pick you up and drop you off at your&amp;nbsp;&lt;/span&gt;&lt;strong&gt;Hotel Lobby&lt;/strong&gt;&lt;span&gt;&amp;nbsp;and you will be accompanied at all times by our professional guides, that will share with you the best snorkeling techniques and information regarding the flora and fauna that inhabits this unique ecosystems. Above all they will make sure you feel safe and enjoy an unforgettable snorkeling experience.&lt;/span&gt;&lt;/p&gt;', '&lt;p&gt;* Transportation in air-conditioned van&lt;/p&gt;\r\n&lt;p&gt;* Professional bilingual guide&lt;/p&gt;\r\n&lt;p&gt;* snorkeling &amp;amp; climing equipment&lt;/p&gt;\r\n&lt;p&gt;* Prescription mask available on request&lt;/p&gt;\r\n&lt;p&gt;* Lunch &amp;amp; beverages&amp;nbsp;&lt;/p&gt;\r\n&lt;p&gt;* Insurance&lt;/p&gt;\r\n&lt;p&gt;* Taxes&lt;/p&gt;', '* Photos\r\n* Tips', '&lt;p&gt;Pick up lobby at 7:30&lt;/p&gt;\r\n&lt;p&gt;tour estimate time 6 hr&amp;nbsp;&lt;/p&gt;', 'Everyday', '&lt;ul&gt;\r\n&lt;li&gt;Basic swimming skills required.&lt;/li&gt;\r\n&lt;li&gt;This&amp;nbsp;&lt;strong&gt;tour&lt;/strong&gt;&amp;nbsp;is not suitable for people with severe physical or motor handicap, serious heart problems, or people who are not able to handle moderate physical activity.&lt;/li&gt;\r\n&lt;li&gt;Children under the age of 6 may participate under the responsibility and direct supervision of a responsible parent or family member.&lt;/li&gt;\r\n&lt;li&gt;&lt;strong&gt;&lt;span&gt;People under the influence of alcohol or drugs will not be permitted to participate in this&amp;nbsp;&lt;strong&gt;tour&lt;/strong&gt;.&lt;/span&gt;&lt;/strong&gt;&lt;/li&gt;\r\n&lt;/ul&gt;\r\n&lt;ul&gt;\r\n&lt;li&gt;Comfortable clothes and footwear&lt;/li&gt;\r\n&lt;li&gt;Water shoes&lt;/li&gt;\r\n&lt;li&gt;Sunglasses and a hat&lt;/li&gt;\r\n&lt;li&gt;Bathing suit&lt;/li&gt;\r\n&lt;li&gt;Extra T-shirt and&amp;nbsp;&lt;strong&gt;Towel&lt;/strong&gt;&lt;/li&gt;\r\n&lt;li&gt;&lt;strong&gt;BIODEGRADABLE sunscreen and mosquito repellent&lt;/strong&gt;&lt;/li&gt;\r\n&lt;li&gt;Extra cash (tips, pictures).&lt;/li&gt;\r\n&lt;/ul&gt;\r\n&lt;p&gt;&lt;strong&gt;&amp;nbsp;&lt;/strong&gt;&lt;/p&gt;', '0.00', '0.00', NULL, NULL, 'mayan-adventure', 29, 'images/pictures/9025657.jpg', 2, NULL, '0', '2', 'Mayan adventure Riviera Maya', NULL, NULL, '1'),
(25, 'Columbus Lobster Dinner Cruise', '&lt;p&gt;Did you run out of ideas to show love to your partner? ... Nothing compares to the lobster dinner in Columbus, aboard a 60-foot Spanish galleon.&lt;/p&gt;\r\n&lt;p&gt;In Cancun you have two options for this incredible and romantic tour diner:&lt;/p&gt;\r\n&lt;p&gt;the beat of a live saxophone and under a sunset, almost as beautiful as the moments you&amp;acute;ll spend next to the person that you love. In our Galleon Columbus, while the sunsets behind the darkness of the night, the colors of the sky once again ignite the flame of love ..&lt;/p&gt;\r\n&lt;p&gt;Or the second option: if you need moments of romance and tenderness with your partner, this option under the moonlight and stars. Aboard our Galeon Columbus, the melodies of a live saxophone and the gentle movement of the lagoon will make you remember how important love is and how perfect it would be if shared with the right person.&lt;/p&gt;\r\n&lt;p&gt;Revive love and enjoy one of the best nights of your life!&lt;/p&gt;\r\n&lt;p&gt;&amp;nbsp;&lt;/p&gt;\r\n&lt;p&gt;The Columbus Cruise is for couples only!.&lt;/p&gt;', '&lt;ul&gt;\r\n&lt;li&gt;Open Bar with a glass of wine or champagne toast&lt;/li&gt;\r\n&lt;li&gt;Gourmet Dinner (Surf &amp;amp; Turf)&lt;/li&gt;\r\n&lt;li&gt;Sax lived Music&lt;/li&gt;\r\n&lt;/ul&gt;', 'Ground Transportation (please call and ask for a quotation)/Photos ', '&lt;p&gt;Summer Time: 5:30 pm or 8:30 pm&lt;/p&gt;\r\n&lt;p&gt;Winter Time: 5:00 pm or 8:00 pm&lt;/p&gt;', 'MONDAY TO FRIDAY ', '&lt;p&gt;Meeting Point: &lt;span style=&quot;text-decoration: underline;&quot;&gt;Boulevard Kukulk&amp;aacute;n Km 6.5 Int. Marina Aqua Tours. Canc&amp;uacute;n Hotel Zone.&lt;/span&gt;&lt;/p&gt;\r\n&lt;p&gt;Recommendations: Casual Wear, photo camera, cash and comfortable shoes.&lt;/p&gt;\r\n&lt;p&gt;Minimum age: 14 years old.&lt;/p&gt;\r\n&lt;p&gt;Duration: aprox 3 hours&lt;/p&gt;', '0.00', '0.00', NULL, NULL, 'columbus-lobster-dinner-cruise', 3, 'images/pictures/6aonzc1vg2fpaminicolumbus.jpg', 1, NULL, '1', '3', 'columbus lobster dinner cruise | lobster dinner cruise | cancun cruise', 'columbus lobster dinner cruise,romantic lobster dinner,lobster dinner cruise,lobster cruise,columbus cruise,lobster dinner,relaxing cruise,columbus cancun,cancun lobster,cancun dinner cruise', 'If you are looking for is to light the flame of love again this tour is perfect to tell him or her how much you love. This tour was made especially for lovers', '1'),
(26, 'Paradise Subsee', '&lt;p&gt;&lt;strong&gt;Can be combined with Paradise Snorkel for a complete adventure &lt;/strong&gt;&lt;/p&gt;\r\n&lt;p&gt;The Paradise Sub See explore the astounding Punta Nizuc reef from the comfort of the &lt;strong&gt;yellow submarine&lt;/strong&gt;!&lt;/p&gt;\r\n&lt;p&gt;First we&#039;ll take you on an exciting boat ride through the mangrove jungle of the lagoon.&lt;/p&gt;\r\n&lt;p&gt;Upon to the reef site, you board the &lt;strong&gt;Sub See Explorer &lt;/strong&gt;for your magical underwater ride.&lt;/p&gt;\r\n&lt;p&gt;&amp;nbsp;&lt;/p&gt;', '&lt;ul&gt;\r\n&lt;li&gt;Bottled&amp;nbsp; water&lt;/li&gt;\r\n&lt;li&gt;Round trip to platform for board the Sub See for you magical underwaterride.&lt;/li&gt;\r\n&lt;li&gt;Lockers&lt;/li&gt;\r\n&lt;li&gt;Lunch back&lt;/li&gt;\r\n&lt;/ul&gt;', 'Dock Fee of US$5 payable upon check-in, Ground transportation (please call us and ask for you quotation).', '&lt;ul&gt;\r\n&lt;li&gt;Registrer&lt;/li&gt;\r\n&lt;li&gt;On Aquaworld take boat to move to the platform&lt;/li&gt;\r\n&lt;li&gt;Arriving at the platform, do the activity&lt;/li&gt;\r\n&lt;li&gt;Back to Aquaworld&lt;/li&gt;\r\n&lt;/ul&gt;', 'MONDAY TO SATURDAY', '&lt;p&gt;&lt;strong&gt;Meeting Point:&lt;span style=&quot;text-decoration: underline;&quot;&gt; Boulevard Kukulcan Km. 15+300. Int. Marina Aquaworld. Cancun Hotel Zone&lt;/span&gt;&lt;/strong&gt;&lt;/p&gt;\r\n&lt;p&gt;Departures: Every hour from 9am til 3pm&lt;/p&gt;\r\n&lt;p&gt;Minimum age: No age limit&lt;/p&gt;\r\n&lt;p&gt;Kids under 11 years $ 22usd&lt;/p&gt;\r\n&lt;p&gt;Total time tour: 2 hrs&lt;/p&gt;\r\n&lt;p&gt;Ride time: 30 min&lt;/p&gt;', '0.00', '0.00', NULL, NULL, 'paradise-subsee', 2, 'images/pictures/2623897.gif', 1, NULL, '0', '1', 'Paradise Subsee | cancun snorkeling tours | cancun aquaworld			', 'cancun snorkeling tours,subsee paradise,cancun aquaworld,aquaworld in cancun,fish in cancun,adventures in cancun,snorkeling in cancun,snorkel tours,cancun snorkeling,cancun trips.', 'The subsee explorer will take you into a marvelous long journey around the mayan coral reefs,in a glass bottom boat on the mexican caribbean sea.don''t miss it', '1'),
(27, 'Paradise Ocean Safari', '&lt;p&gt;&lt;strong&gt;the fare for unit is: Adult 104 usd and Chld 84 usd&lt;/strong&gt;&lt;/p&gt;\r\n&lt;p&gt;&lt;strong&gt;the fares above are for share units.&lt;/strong&gt;&lt;/p&gt;\r\n&lt;p&gt;&lt;strong&gt;Pilot your wave runner &lt;/strong&gt;for 50 minutes and &lt;strong&gt;snorkel at the second largest reef of the world &lt;/strong&gt;for an aditional 50 minutes.&lt;/p&gt;\r\n&lt;p&gt;Enter in contact with the underwaterworld, at the best location of the Mayan Caribbean &amp;iexcl; 2 hours of &lt;strong&gt;Extreme Adventure &lt;/strong&gt;!&lt;/p&gt;', '&lt;ul&gt;\r\n&lt;li&gt;Equipment&lt;/li&gt;\r\n&lt;li&gt;Round trip transportation&lt;/li&gt;\r\n&lt;li&gt;Tax&lt;/li&gt;\r\n&lt;li&gt;Local medical insurance&lt;/li&gt;\r\n&lt;li&gt;Soft drinks&lt;/li&gt;\r\n&lt;li&gt;Water&lt;/li&gt;\r\n&lt;li&gt;Beans and chips&lt;/li&gt;\r\n&lt;/ul&gt;', ' Reef conservation fee US$7 per person at your register.', '&lt;ul&gt;\r\n&lt;li&gt;Pick up at your hotel lobby&lt;/li&gt;\r\n&lt;li&gt;if you stay at Hotel in Riviera Maya or Playa del Carmen the pick up is at your Hotel Lobby&lt;/li&gt;\r\n&lt;li&gt;Register in Marina Maroma&lt;/li&gt;\r\n&lt;li&gt;choose your wave runners (Enjoy&amp;nbsp;for 50 minutes then Snorkel for more 50 minutes).&lt;/li&gt;\r\n&lt;li&gt;Free time&lt;/li&gt;\r\n&lt;li&gt;Lunch (beans and chips)&lt;/li&gt;\r\n&lt;li&gt;Back to your hotel&lt;/li&gt;\r\n&lt;/ul&gt;', 'MONDAY TO SATURDAY', '&lt;p&gt;Meeting point in Cancun: &lt;span style=&quot;text-decoration: underline;&quot;&gt;Boulevard Kukulcan Captain Cove 16.5 km Hotel Zone (in front&amp;nbsp;The Omni Hotel)&lt;/span&gt;&lt;/p&gt;\r\n&lt;p&gt;Please Bring&lt;/p&gt;\r\n&lt;ul&gt;\r\n&lt;li&gt;comfortable shoes and clothe&lt;/li&gt;\r\n&lt;li&gt;swimming gear&lt;/li&gt;\r\n&lt;li&gt;camera&lt;/li&gt;\r\n&lt;li&gt;extra cash for tips, pictures, souvenirs.&lt;/li&gt;\r\n&lt;/ul&gt;\r\n&lt;p&gt;Aditional Service: Lockers, restaurants, bathrooms, medical service, showers, sunbeds, bar, boutique, massages, photo and video.&lt;/p&gt;\r\n&lt;p&gt;Schedules: 9:30am / 12:30 / 2:30pm&lt;/p&gt;', '0.00', '0.00', NULL, NULL, 'ocean-safari', 25, 'images/pictures/2778937.jpg', 2, NULL, '0', '3', 'Paradise Ocean Safari | waverunner tour | cancun tours			', 'tour cancun,cancun tour,cancun diving,cancun activities,cancun adventure tours,tour waverunner cancun,cancun activities and tours,snorkeling tours in cancun,adventures in cancun,fishing sea.', 'This unique way of navigating the waterways that surround the Ten thousand Islands is safe and environmentally friendlier than other conventional tour boats. ', '1'),
(43, 'Dolphin Swim Adventure ', '&lt;p&gt;&lt;strong&gt;UP CLOSE AND UNDERWATER!!&lt;/strong&gt;&lt;/p&gt;\r\n&lt;p&gt;Enjoy a series of sensational activities that create an &lt;strong&gt;UNFORGETTABLE EXPERIENCE!!&lt;/strong&gt;&lt;/p&gt;\r\n&lt;p&gt;Your friendly dolphin greets you with a kiss and a handshake followed by a belly ride and a boogie board push&lt;/p&gt;\r\n&lt;p&gt;Enjoy and entertain each other during free style play time.&lt;/p&gt;\r\n&lt;p&gt;Put on snorkeling gear and see the dolphin do corkscrews and speed runs, demostrating its amazing agility&lt;/p&gt;\r\n&lt;p&gt;NOT TO BE MISSED!&lt;/p&gt;', '&lt;ul&gt;\r\n&lt;li&gt;From Canc&amp;uacute;n to Isla Round Trip Ferry&lt;/li&gt;\r\n&lt;li&gt;From Riviera Maya to Pto.Aventuras Ground Transportation Round Trip&lt;/li&gt;\r\n&lt;li&gt;swim adventure (kiss, hug, hand target, picture with ball, boogie push, Belly Ride, Peck shake, 10 minutes free time)&lt;/li&gt;\r\n&lt;li&gt;12 guests per group to swimm&lt;/li&gt;\r\n&lt;li&gt;mask for snorkel&lt;/li&gt;\r\n&lt;li&gt;Buffet&lt;/li&gt;\r\n&lt;li&gt;Beverage (sodas &amp;amp; water)&lt;/li&gt;\r\n&lt;li&gt;visit to Isla Mujeres Down Town&lt;/li&gt;\r\n&lt;li&gt;watch sharks and stingrays&lt;/li&gt;\r\n&lt;li&gt;Bike Tour&lt;/li&gt;\r\n&lt;/ul&gt;', 'US$5 p/p Dock Fee/Photo and Video\r\nTips and Souvenirs\r\nTurtle Farm visit ($30 pesos)', '&lt;ul&gt;\r\n&lt;li&gt;Register&lt;/li&gt;\r\n&lt;li&gt;Ferry Leave 9 am&lt;/li&gt;\r\n&lt;li&gt;aprox 30 min to Isla Mujeres&lt;/li&gt;\r\n&lt;li&gt;Briefing and instructions&lt;/li&gt;\r\n&lt;li&gt;40 min Swim Adventure&lt;/li&gt;\r\n&lt;li&gt;Free time&lt;/li&gt;\r\n&lt;li&gt;5:30 pm return to Cancun&lt;/li&gt;\r\n&lt;/ul&gt;', 'DAILY', '&lt;p&gt;&amp;nbsp;&lt;/p&gt;\r\n&lt;p&gt;&lt;strong&gt;**Do not allow pregnant woman and children under 1.20 mts.&lt;/strong&gt;&lt;/p&gt;\r\n&lt;p&gt;&lt;strong&gt;Meeting Point&lt;/strong&gt;:&lt;/p&gt;\r\n&lt;p&gt;&lt;strong&gt;Cancun to Isla Mujeres&lt;/strong&gt;: &lt;span style=&quot;text-decoration: underline;&quot;&gt;Aquatours Boulevard Kukulc&amp;aacute;n Km 6.5 Int.Marina Aqua Tours. Canc&amp;uacute;n Hotel Zone&lt;/span&gt;&lt;/p&gt;\r\n&lt;p&gt;&lt;strong&gt;Swim Times Isla Mujeres&lt;/strong&gt;: 10:30 am, 12:15 pm,02:15 pm, 03:30 pm&lt;/p&gt;\r\n&lt;p&gt;&lt;strong&gt;Riviera Maya to Pto.Aventuras&lt;/strong&gt;: Pick up at Hotel Lobby&lt;/p&gt;\r\n&lt;p&gt;&lt;strong&gt;Swim Times Pto. Aventuras&lt;/strong&gt;: 09:00 am,11:00 am, 01:00 pm, 03:00 pm&lt;/p&gt;\r\n&lt;p&gt;**schedules subject to availability&lt;/p&gt;\r\n&lt;ul&gt;\r\n&lt;li&gt;12 guest per group to swimm&lt;span style=&quot;text-decoration: underline;&quot;&gt; &lt;/span&gt;&lt;/li&gt;\r\n&lt;/ul&gt;', '129.00', '99.00', NULL, NULL, 'swim-adventure-all-inclusive', 3, 'images/pictures/wo58ulxMINISAALLINC.jpg', 6, NULL, '0', '1', 'Swim Adventure Dolphins | cancun tours  | dolphin tours		', 'cancun swimming with dolphins,swimming with dolphins cancun,swimming with dolphin,swim dolphins,swim with dolphin,swimming with dolphins,dolphin encounters,dolphin swims,dolphin tourscancun activities and tours,', 'You will have the opportunity to hug it,kiss it,let it kiss you on the cheek,and watching your new friend while it performs a series of amazing behaviors. ', '1');
INSERT INTO `tours` (`id`, `Tour`, `Description`, `Include`, `NotInclude`, `Itinerary`, `Frequency`, `Recommendation`, `AdultPrice`, `KidPrice`, `Map`, `Youtube`, `url`, `Supplier`, `Thumbnail`, `Location`, `ListPrice`, `Kid`, `Type`, `title`, `metakeywords`, `metadescription`, `active`) VALUES
(44, 'Whaleshark', '&lt;p&gt;&lt;strong&gt;The Whale Shark is the largest fish that exists in the world today.&lt;/strong&gt;&lt;/p&gt;\r\n&lt;p&gt;It can grow to &lt;strong&gt;15 meters&lt;/strong&gt;. Whale Sharks &lt;strong&gt;prefer warm surface water &lt;/strong&gt;in those areas where colder water sprouts nutrient-rich, since these conditions favor the growth of plankton which they feed.&lt;/p&gt;\r\n&lt;p&gt;One of the reasons why there are so many shale sharks in the waters of Holbox in summer.&lt;/p&gt;\r\n&lt;p&gt;They are often seen shoals of mackerel and rays.&lt;/p&gt;\r\n&lt;p&gt;The whale shark han no features in common with whales except for its size and the fact that &lt;strong&gt;only eats tiny plankton &lt;/strong&gt;collected with the mouth open.&lt;/p&gt;\r\n&lt;p&gt;Usually feeds on the surface or slightly below this it feeds by filtering through their gills small plankton organisms in the water.&lt;/p&gt;\r\n&lt;p&gt;&lt;strong&gt;Whale Shark are viviparous &lt;/strong&gt;animals and sometimes sees young pup swimming with the elderly.&lt;/p&gt;\r\n&lt;p&gt;Whale Sharks &lt;strong&gt;are very docile and gentle&lt;/strong&gt;, not afraid when they are divers or swimmers approaching.&lt;/p&gt;\r\n&lt;p&gt;Due to weather the Whale Shark is only from May 22nd to September 17th.&lt;/p&gt;\r\n&lt;p&gt;&lt;strong&gt;Guaranteeing&amp;nbsp; their Sighting of June 1st to August 31st.&lt;/strong&gt;&lt;/p&gt;', '&lt;ul&gt;\r\n&lt;li&gt;Ground Transportation Round Trip (Hotel-Tour-Hotel)&lt;/li&gt;\r\n&lt;li&gt;During the Check in Coffe, juice and bread&lt;/li&gt;\r\n&lt;li&gt;boats&lt;/li&gt;\r\n&lt;li&gt;snorkel equipment&lt;/li&gt;\r\n&lt;li&gt;water and sodas&lt;/li&gt;\r\n&lt;li&gt;briefing and instructions&lt;/li&gt;\r\n&lt;li&gt;swim and sighting with the whale shark&lt;/li&gt;\r\n&lt;li&gt;on bord sandwiches (kitchen, tunny, ham and cheese)&lt;/li&gt;\r\n&lt;li&gt;ceviche after 45 minutes of snorkeling at coral reef.&lt;/li&gt;\r\n&lt;/ul&gt;', ' Photos and Video / Souvenirs / Tips', '&lt;ul&gt;\r\n&lt;li&gt;Pick up time depend your hotel&lt;/li&gt;\r\n&lt;li&gt;Register 8:00 am&lt;/li&gt;\r\n&lt;li&gt;estimated time of the visit 5 hrs.&lt;/li&gt;\r\n&lt;li&gt;return aprox. 1:30 pm&lt;/li&gt;\r\n&lt;/ul&gt;', 'DAILY', '&lt;p&gt;Please Bring:&lt;/p&gt;\r\n&lt;ul&gt;\r\n&lt;li&gt;Swimm suit on&lt;/li&gt;\r\n&lt;li&gt;biodegradable sunscreen&lt;/li&gt;\r\n&lt;li&gt;biodegradable repellent&lt;/li&gt;\r\n&lt;li&gt;towel&lt;/li&gt;\r\n&lt;/ul&gt;\r\n&lt;p&gt;&lt;strong&gt;Daily from May 22nd to September 17th.&lt;/strong&gt;&lt;/p&gt;', '0.00', '0.00', NULL, NULL, 'whaleshark', 30, 'images/pictures/4415701.gif', 7, '&lt;ul&gt;\r\n&lt;li&gt;From Cancun US$185 p/p&lt;/li&gt;\r\n&lt;/ul&gt;\r\n&lt;p&gt;&amp;nbsp;&lt;/p&gt;\r\n&lt;ul&gt;\r\n&lt;li&gt;From Puerto Morelos US$205 p/p&lt;/li&gt;\r\n&lt;/ul&gt;\r\n&lt;p&gt;&amp;nbsp;&lt;/p&gt;\r\n&lt;ul&gt;\r\n&lt;li&gt;From Playa del Carmen US $219 p/p&lt;/li&gt;\r\n&lt;/ul&gt;\r\n&lt;p&gt;&amp;nbsp;&lt;/p&gt;\r\n&lt;ul&gt;\r\n&lt;li&gt;From Tulum US$239 p/p&lt;/li&gt;\r\n&lt;/ul&gt;', '0', '3', 'Whaleshark | cancun whale shark tours | diving whale sharks			', 'cancun whale shark tours,whale shark tour cancun,diving whale sharks,whale shark diving,diving whale shark,whale shark dive,diving with whale shark,whale shark diver,dive with whale sharks,xcaret sightseeing excursion. ', 'we’ll take you close to these giant sharks, you‘ll swim with them.the whole sharks are very tranquil animals and they don''t worry when approaching swimmers.', '1'),
(45, 'Paradise Snorkel Cancun', '&lt;p&gt;&lt;strong&gt;&amp;nbsp;&lt;/strong&gt;&lt;/p&gt;\r\n&lt;p&gt;Enjoy unlimited snorkeling fun on our Paradise Snorkel from a floating platfom for as long as you wish.&lt;/p&gt;\r\n&lt;p&gt;Our bilingual guides will supervice and guide you round the area and make sure you don&#039;t miss anything. Punta Nizuc reef is a natural garden of bright coral and is home to an abundance of fish and other marine life.&lt;/p&gt;', '&lt;ul&gt;\r\n&lt;li&gt;Round trip to Paradise Platform&lt;/li&gt;\r\n&lt;li&gt;Unlimited guided snorkel tour&lt;/li&gt;\r\n&lt;li&gt;Beer and refreshmens aboard the Paradise Platform&lt;/li&gt;\r\n&lt;li&gt;Snorkel equipment&lt;/li&gt;\r\n&lt;li&gt;Lunch back&lt;/li&gt;\r\n&lt;/ul&gt;\r\n&lt;p&gt;&amp;nbsp;&lt;/p&gt;', ' \r\nDock Fee of US$5 payable upon check-in\r\nGround transportation (please call us and ask for a quotation)', '&lt;ul&gt;\r\n&lt;li&gt;Registrer&lt;/li&gt;\r\n&lt;li&gt;On Aquaworld take boat to move to the platform&lt;/li&gt;\r\n&lt;li&gt;Arriving at the platform, do the activity&lt;/li&gt;\r\n&lt;li&gt;Back to Aquaworld&lt;/li&gt;\r\n&lt;/ul&gt;', 'MONDAY TO SATURDAY', '&lt;p&gt;Meeting Point:&lt;span style=&quot;text-decoration: underline;&quot;&gt; Boulevard Kukulcan Km. 15+300 Int. Marina Aquaworld. Cancun Hotel Zone&lt;/span&gt;&lt;/p&gt;\r\n&lt;p&gt;Departures: Every hour from 9am til 3pm&lt;/p&gt;\r\n&lt;p&gt;Kids under 11 years US$22&lt;/p&gt;\r\n&lt;p&gt;&amp;nbsp;&lt;/p&gt;\r\n&lt;p&gt;&lt;span style=&quot;text-decoration: underline;&quot;&gt;&amp;nbsp;&lt;/span&gt;&lt;/p&gt;', '0.00', '0.00', NULL, NULL, 'paradise-snorkel-tour', 2, 'images/pictures/vyz2gpkminisaw.jpg', 1, NULL, '0', '1', 'paradise snorkel tour cancun', NULL, 'Unlimited guided snorkeling tour,In Punta nizuc reef is a natural garden of bright coral,abundance of fishes and other marine life,guides are bilingual.', '1'),
(46, 'Extreme Canopy Adventure', '&lt;p&gt;&lt;span style=&quot;font-family: arial, helvetica, sans-serif; font-size: small;&quot;&gt;Our excursion begins with pick up at the lobby of each hotel, once all our guests are onboard; our journey begins towards the community of Central Vallarta, where our park is located, just 40 Minutes away from Cancun or Playa del Carmen.&lt;/span&gt;&lt;/p&gt;\n&lt;p&gt;&lt;span style=&quot;font-family: &#039;comic sans ms&#039;, sans-serif;&quot;&gt;&amp;nbsp;&lt;/span&gt;&lt;/p&gt;\n&lt;p&gt;&lt;span style=&quot;font-family: arial, helvetica, sans-serif; font-size: small;&quot;&gt;Upon arrival, all guests are greeted at the &amp;ldquo;Casa Zatara&amp;rdquo;; this unique &amp;ldquo;palapa&amp;rdquo; offers W/C, restaurant, bar, lockers in a beautiful jungle ambiance. Our first activity will be the &lt;strong&gt;&amp;ldquo;Extreme Canopy Tour&amp;rdquo;&lt;/strong&gt;. In order to do this our staff will equip each guest with harnesses, security pulleys, helmets and gloves, our personnel will be in charge that all equipment is properly fitted.&lt;/span&gt;&lt;/p&gt;\n&lt;p&gt;&lt;span style=&quot;font-family: &#039;comic sans ms&#039;, sans-serif;&quot;&gt;&amp;nbsp;&lt;/span&gt;&lt;/p&gt;\n&lt;p&gt;&lt;span style=&quot;font-family: &#039;comic sans ms&#039;, sans-serif;&quot;&gt;&amp;nbsp;&lt;/span&gt;&lt;/p&gt;\n&lt;p&gt;&lt;span style=&quot;font-family: arial, helvetica, sans-serif; font-size: small;&quot;&gt;Thrill seekers are welcome to experience THE NEXT LEVEL! Selvatica&amp;rsquo;s Extreme Canopy Tour is set upon our &amp;ldquo;EXTREMO&amp;rdquo; circuit, zip lining on 12 cables faster and in the middle of the jungle. Since security is a fundamental part of our park, precise instructions will be given on how the activity must be performed, so adventure may safely begin.&lt;/span&gt;&lt;/p&gt;\n&lt;p&gt;&lt;span style=&quot;font-family: arial, helvetica, sans-serif; font-size: small;&quot;&gt;&amp;nbsp;&lt;/span&gt;&lt;/p&gt;\n&lt;p&gt;&lt;span style=&quot;font-size: small; font-family: arial, helvetica, sans-serif;&quot;&gt;The next step is to ride one of our military trucks &amp;ldquo;Pinzhauer&amp;rdquo; into our open cenote &amp;ldquo;Lukuma&amp;rdquo;, swim and refresh yourself, while experiencing our custom water zip line, splashing right in the middle of the sinkhole; ride back to our &amp;ldquo;palapa&amp;rdquo; where complimentary lunch and water will be served, Photos, videos, snacks and souvenirs available on our premises.&lt;/span&gt;&lt;/p&gt;', '&lt;p&gt;&lt;span style=&quot;font-size: 13.0pt; font-family: &#039;Maiandra GD&#039;,&#039;sans-serif&#039;; mso-fareast-font-family: &#039;Times New Roman&#039;; mso-bidi-font-family: &#039;Times New Roman&#039;; color: #003300; mso-ansi-language: EN-US; mso-fareast-language: ES; mso-bidi-language: AR-SA;&quot; lang=&quot;EN-US&quot;&gt;Round transportation, Extreme Canopy Tour, Military Trucks, swim in the cenote, light lunch and drinks.&lt;/span&gt;&lt;/p&gt;', 'Tips\nPictures\nDVD\nAlcoholic Drinks', '&lt;p&gt;Daily&lt;/p&gt;', 'DAILY', '&lt;p&gt;&lt;span style=&quot;font-size: small; font-family: arial, helvetica, sans-serif;&quot;&gt;Restrictions: No pregnant women, back pains, or heart problems, maximum weight260 Lbs., maximum waist size47 in.&amp;nbsp;&lt;/span&gt;&lt;/p&gt;\n&lt;p&gt;&lt;span style=&quot;font-size: small; font-family: arial, helvetica, sans-serif;&quot;&gt;Maximum capacity: 60 pax per tour.&lt;/span&gt;&lt;/p&gt;', '99.00', '49.00', NULL, NULL, 'extreme-canopy-adventure', 18, 'images/pictures/9388731.JPG', 2, NULL, '0', '1', 'extreme canopy adventure', NULL, NULL, '1'),
(47, 'Discovery Scuba Diving', '&lt;p&gt;This Tour is &lt;strong&gt;Ideal&lt;/strong&gt; for &lt;strong&gt;Beginners&lt;/strong&gt; and also recommended for &lt;strong&gt;people certified with more than one year without diving&lt;/strong&gt;.&lt;/p&gt;\r\n&lt;p&gt;&amp;nbsp;&lt;/p&gt;\r\n&lt;p&gt;We invite you to admire the beauties of the &lt;strong&gt;second largest reef &lt;/strong&gt;in the world with its unrivaled coral formations and marine life by diving inthe marvelous world.&lt;/p&gt;\r\n&lt;p&gt;&amp;nbsp;It is pretty simple to get a &lt;strong&gt;PADI certification &lt;/strong&gt;and ever easier to take a refreshment course.&lt;/p&gt;', '&lt;ul&gt;\r\n&lt;li&gt;Equipment &lt;/li&gt;\r\n&lt;li&gt;Round transportation&lt;/li&gt;\r\n&lt;li&gt;Tax&lt;/li&gt;\r\n&lt;li&gt;Local medical insurance&lt;/li&gt;\r\n&lt;li&gt;Soft drinks&lt;/li&gt;\r\n&lt;li&gt;Water&lt;/li&gt;\r\n&lt;li&gt;Beans and chips&lt;/li&gt;\r\n&lt;/ul&gt;', ' Reef conservation fee US$2 per person at the register', '&lt;ul&gt;\r\n&lt;li&gt;Register&lt;/li&gt;\r\n&lt;li&gt;Lessons at 12:00pm&lt;/li&gt;\r\n&lt;li&gt;Dive at 1:30 pm&lt;/li&gt;\r\n&lt;li&gt;Free Time&lt;/li&gt;\r\n&lt;li&gt;return to Hotel&lt;/li&gt;\r\n&lt;/ul&gt;', 'MONDAY TO SATURDAY', '&lt;p&gt;Lessons at 12:00 and Dive at 1:30pm&lt;/p&gt;\r\n&lt;p&gt;Includes water, soft drinks aboard, when we return at the restaurant you can enjoy some beans and chips, sodas and water.&lt;/p&gt;\r\n&lt;p&gt;and keep on your memory this &lt;strong&gt;MEXICAN PARADISE!!&lt;/strong&gt;&lt;/p&gt;\r\n&lt;p&gt;if someones want to accompany you only pay &lt;strong&gt;US$50 p/p&lt;/strong&gt;, they can wait for you and enjoy the &lt;strong&gt;No.1 beach &lt;/strong&gt;in Riviera Maya.&lt;/p&gt;\r\n&lt;p&gt;&lt;strong&gt;&amp;nbsp;&lt;/strong&gt;&lt;/p&gt;\r\n&lt;p&gt;&amp;nbsp;&lt;/p&gt;\r\n&lt;p&gt;&amp;nbsp;&lt;/p&gt;', '128.00', '0.00', NULL, NULL, 'discovery-scuba-diving', 25, 'images/pictures/4787171.gif', 2, NULL, '1', '1', 'Discovery Scuba Diving | scuba diving caribbean | dive tours			', 'adventure tours,scuba diving tour,scuba diving travel,diving tours,scuba diving adventures,scuba diving in the caribbean,dive tours,scuba diving,scuba diving,diving scuba.', 'Discover for yourself the fascinating experience enjoyed by certified divers, when exploring the fabulous and interesting marine world.came and scuba with us.', '1'),
(49, 'Coba Mayan Village', '&lt;p&gt;&lt;strong&gt;Cob&amp;aacute;&lt;/strong&gt; a magical place full of history.&lt;/p&gt;\r\n&lt;p&gt;The Grat Pyramid &lt;strong&gt;Nohoch Mul &lt;/strong&gt;&quot;Large Hill&quot; is &lt;strong&gt;42mt. high&lt;/strong&gt;, this makes in the &lt;strong&gt;highest pyramyd in Yucatan Peninsula&lt;/strong&gt;.&lt;/p&gt;\r\n&lt;p&gt;The five lakes of Coba are without a doubt the main reason why the Mayans settled here. &lt;br /&gt;Coba Lagoon, Riviera Maya, Mexico &lt;br /&gt;Coba reached its peak around 600 AD, yet it was mysteriously abandoned three hundred years later. Some archaeological evidence suggests that around the 8th century, when the population of the city was at its peak, it may have had as many as 55,000 residents.&lt;/p&gt;\r\n&lt;p&gt;Coba&#039;s buildings are connected by a complex network of sacbes, or stone roads, that are believed to have been built between 600 and 800 BC. There are over &lt;strong&gt;40 sacbes that cover approximately 100 km (63 miles). &lt;/strong&gt;The sacbes reach other important Mayan cities, like Yaxuna, near Chichen Itza, Pole, now called Xcaret, and the Muyil. They are believed to have been used by the military and for trading, and sacbes were also used for various rituals and pilgrimages.&lt;/p&gt;\r\n&lt;p&gt;&amp;nbsp;&lt;/p&gt;', '&lt;ul&gt;\r\n&lt;li&gt;A/C Bus, Pick up and Drop off at Hotel&lt;/li&gt;\r\n&lt;li&gt;Entrance at Ruins&lt;/li&gt;\r\n&lt;li&gt;Tour guide&lt;/li&gt;\r\n&lt;li&gt;Buffet&lt;/li&gt;\r\n&lt;li&gt;Mayan community&lt;/li&gt;\r\n&lt;/ul&gt;', 'Drinks at the Restaurant/Bicycle /\r\nphoto and video / souvenirs/ Tips ', '&lt;ul&gt;\r\n&lt;li&gt;Departure from Cancun 8:10am&lt;/li&gt;\r\n&lt;li&gt;Arrival to Cob&amp;aacute; and visit the Archeological Zone 11:00am&lt;/li&gt;\r\n&lt;li&gt;Departure from Cob&amp;aacute; 1:45pm&lt;/li&gt;\r\n&lt;li&gt;Arrival to Piramides Restaurant 2:00pm&lt;/li&gt;\r\n&lt;li&gt;Departure from Restaurant 2:45pm&lt;/li&gt;\r\n&lt;li&gt;Arrival to The Mayan Community of Hidalgo 3:45pm&lt;/li&gt;\r\n&lt;li&gt;Departure&amp;nbsp;from Mayan Community 3:45pm&lt;/li&gt;\r\n&lt;li&gt;arrival to Cancun&amp;nbsp;&lt;/li&gt;\r\n&lt;/ul&gt;', 'MONDAY AND FRIDAY', '&lt;p&gt;On the Archeologic Zone the rate for use (video, camera) is USD$3.5&lt;/p&gt;\r\n&lt;p&gt;Cannot use professional camera&lt;/p&gt;\r\n&lt;p&gt;Bicycle $ 95 m.n (Optional)&lt;/p&gt;', '129.00', '99.00', NULL, NULL, 'coba-mayan-village', 1, 'images/pictures/4941111.gif', 1, NULL, '0', '1', 'Coba Mayan Village | coba tour | mayan village		', 'coba mayan village,tour mayan ruins,coba tour,mayan village,coba mayan ruins,mayan tour,mayan villages,coba ruins,mexican mayan ruins,coba mayan', 'COBA MAYAN VILLAGE; is a fun and interesting escursion that allows visitors to get to know and understand the REAL MEXICO in the mayan world.was found in 1994', '1'),
(50, 'Mayan Encounter Coba', '&lt;p&gt;&lt;strong&gt;Cob&amp;aacute; a magical place full of history.&lt;/strong&gt;&lt;/p&gt;\r\n&lt;p&gt;The Grat Pyramid &lt;strong&gt;Nohoch Mul &quot;Large Hill&quot; is 42mt. high&lt;/strong&gt;, this makes in the &lt;strong&gt;highest pyramyd in Yucatan Peninsula&lt;/strong&gt;.&lt;/p&gt;\r\n&lt;p&gt;The five lakes of Coba are without a doubt the main reason why the Mayans settled here.&lt;/p&gt;\r\n&lt;p&gt;&lt;br /&gt;Coba Lagoon, Riviera Maya, Mexico&lt;/p&gt;\r\n&lt;p&gt;&lt;br /&gt;Coba reached its peak around 600 AD, yet it was &lt;strong&gt;mysteriously abandoned three hundred years later&lt;/strong&gt;. Some archaeological evidence suggests that around the 8th century, when the population of the city was at its peak, it may have had as many as 55,000 residents.&lt;/p&gt;\r\n&lt;p&gt;Coba&#039;s buildings are &lt;strong&gt;connected by a complex network of sacbes&lt;/strong&gt;, or stone roads, that are believed to have been built between 600 and 800 BC. There are over 40 sacbes that cover approximately 100 km (63 miles). The sacbes reach other important &lt;strong&gt;Mayan cities&lt;/strong&gt;, like &lt;strong&gt;Yaxuna&lt;/strong&gt;, near &lt;strong&gt;Chichen Itza&lt;/strong&gt;, &lt;strong&gt;Pole&lt;/strong&gt;, &lt;strong&gt;now called Xcaret&lt;/strong&gt;, and the &lt;strong&gt;Muyil&lt;/strong&gt;. They are believed to have been used by the &lt;strong&gt;military and for trading&lt;/strong&gt;, and sacbes were also used for various rituals and pilgrimages.&lt;/p&gt;\r\n&lt;p&gt;Discover Cob&amp;aacute;&amp;nbsp; the highest pyramid on the Yucatan Peninsula.&lt;/p&gt;\r\n&lt;p&gt;Travel into the forest and Maya communities where you will enjoy activities like &lt;strong&gt;rappel&lt;/strong&gt;, &lt;strong&gt;zip-lining&lt;/strong&gt;,&lt;strong&gt; cenote swimming&lt;/strong&gt;, &lt;strong&gt;jungle walking &lt;/strong&gt;and &lt;strong&gt;canoeing&lt;/strong&gt; on fresh water lagoons...&lt;/p&gt;', '&lt;ul&gt;\r\n&lt;li&gt;A/C Bus Pick uo and Drop off at Hotel&lt;/li&gt;\r\n&lt;li&gt;Entrance at Ruins &lt;/li&gt;\r\n&lt;li&gt;Tour guide&lt;/li&gt;\r\n&lt;li&gt;Buffet&lt;/li&gt;\r\n&lt;li&gt;Mayan community&lt;/li&gt;\r\n&lt;/ul&gt;\r\n&lt;p&gt;&amp;nbsp;&lt;/p&gt;', ' Sodas / Souvenirs / Photo and Video / Tips', '&lt;ul&gt;\r\n&lt;li&gt;Pick up starts at 06:30 (depend your Hotel)&lt;/li&gt;\r\n&lt;li&gt;Visit to Archeological Zone&lt;/li&gt;\r\n&lt;li&gt;Walk through the jungle&lt;/li&gt;\r\n&lt;li&gt;Rappel&lt;/li&gt;\r\n&lt;li&gt;Swim at the Cenote&lt;/li&gt;\r\n&lt;li&gt;Kayak&lt;/li&gt;\r\n&lt;li&gt;Zip&lt;/li&gt;\r\n&lt;li&gt;Mayan cemerony&lt;/li&gt;\r\n&lt;/ul&gt;\r\n&lt;p&gt;&amp;nbsp;&lt;/p&gt;', 'MONDAY TO SATURDAY', '&lt;p&gt;Comfortable shoes and clothing for walk at the jungle, We recommend long sleeve shirt, tennis, hat, boots or sports sandals that strap on ankle, swim suit untherneath your clothes, towels and a dry set of clothes.&lt;/p&gt;\r\n&lt;p&gt;Biodegradable sunscreen, mosquito repellent, cash or credit card.&lt;/p&gt;\r\n&lt;p&gt;The tour is not suitable for people who suffer from physical disabilities or matrix, heart problems, pregnant women and people under the influence of alcohol or drugs.&lt;/p&gt;\r\n&lt;p&gt;Maximum weight per person &lt;strong&gt;120 kg / 250 lbs&lt;/strong&gt;. Minimum age &lt;strong&gt;6 &lt;/strong&gt;years for activities&lt;/p&gt;', '139.00', '109.00', NULL, NULL, 'mayan-encounter-coba', 1, 'images/pictures/hk3ue54MINICTE.jpg', 1, NULL, '0', '1', 'Mayan Encounter Coba | mayan ruins tours | coba mayan Riviera			', 'mayan tour,mayan ruins tours,mexican ruins,coba mayan riviera,coba ruins tours,mayan temple tours,visit mayan ruins,tour mayan ruins,cancun activites.', 'Your unforgettable off-track adventure tour begins: exciting zip-line flying over an incredibly beautiful Cenote,and paddling on a lagoon of enormous beauty.', '1'),
(53, 'Tulum VIP Service', '&lt;p&gt;Tulum is located approximately &lt;strong&gt;south of Cancun&lt;/strong&gt;. At 1hr and 30min. from Cancun and 40min to Playa del Carmen. Not only is the largest coastal archaeological site in Mexico, is one of the corners of the &lt;strong&gt;Caribbean&lt;/strong&gt; where you can still enjoy the lush nature, and discover the interesting history of it.&lt;/p&gt;\r\n&lt;p&gt;&amp;nbsp;&lt;strong&gt;Tulum means wall and is the name given this recently because the wall around the ruins&lt;/strong&gt;. It is believed that his original name was Zama, a word related to Zamal (dawn) &amp;nbsp;Here you can find: Culture, attraction, fun, tranquility and a lifetime experience&lt;/p&gt;', '&lt;p&gt;SUBURBAN 1-5 passengers&lt;/p&gt;\r\n&lt;ul&gt;\r\n&lt;li&gt;Pick up at Hotel&lt;/li&gt;\r\n&lt;li&gt;Entrance at Ruins&lt;/li&gt;\r\n&lt;li&gt;+USD$90 Tour guide&lt;/li&gt;\r\n&lt;li&gt;From Cancun&lt;/li&gt;\r\n&lt;li&gt;From Playa del Carmen&lt;/li&gt;\r\n&lt;li&gt;Daily&lt;/li&gt;\r\n&lt;/ul&gt;\r\n&lt;p&gt;LIMOUSINE 1-12 passengers&lt;/p&gt;\r\n&lt;ul&gt;\r\n&lt;li&gt;Pick up at Hotel&lt;/li&gt;\r\n&lt;li&gt;+USD$90 Tour guide&lt;/li&gt;\r\n&lt;li&gt;From Cancun&lt;/li&gt;\r\n&lt;li&gt;From Playa del Carmen&lt;/li&gt;\r\n&lt;li&gt;Availability&lt;/li&gt;\r\n&lt;/ul&gt;\r\n&lt;p&gt;HELICOPTER 1-4 passengers&lt;/p&gt;\r\n&lt;ul&gt;\r\n&lt;li&gt;Entrance at Ruins&lt;/li&gt;\r\n&lt;li&gt;Tour guide&lt;/li&gt;\r\n&lt;li&gt;From Cancun&lt;/li&gt;\r\n&lt;li&gt;Availability&lt;/li&gt;\r\n&lt;/ul&gt;\r\n&lt;p&gt;PRIVATE PLANE 1-5 passengers&lt;/p&gt;\r\n&lt;ul&gt;\r\n&lt;li&gt;Entrance at Ruins&lt;/li&gt;\r\n&lt;li&gt;Tour guide&lt;/li&gt;\r\n&lt;li&gt;From Cancun&lt;/li&gt;\r\n&lt;li&gt;Availability&lt;/li&gt;\r\n&lt;/ul&gt;', ' Suburban: Buffet\r\n\r\n Limousine:Entrance at Ruins\r\n\r\n Helicopter: Pick up at Hotel ', '&lt;p&gt;.&lt;/p&gt;', 'DAILY / AVAILABILITY', '&lt;p&gt;Please Bring:&lt;/p&gt;\r\n&lt;ul&gt;\r\n&lt;li&gt;Comfortable shoes and clothing&lt;/li&gt;\r\n&lt;li&gt;biodegradable sunscreen&lt;/li&gt;\r\n&lt;li&gt;mosquito repellent&lt;/li&gt;\r\n&lt;li&gt;Hat&lt;/li&gt;\r\n&lt;li&gt;swim suit&amp;nbsp;&lt;/li&gt;\r\n&lt;li&gt;money for shopping&lt;/li&gt;\r\n&lt;/ul&gt;', '0.00', '0.00', NULL, NULL, 'tulum-vip-service', 31, 'images/pictures/5303254.gif', 1, '&lt;ul&gt;\r\n&lt;li&gt;SUBURBAN USD$300 per unit&lt;/li&gt;\r\n&lt;/ul&gt;\r\n&lt;p&gt;&amp;nbsp;&lt;/p&gt;\r\n&lt;ul&gt;\r\n&lt;li&gt;LIMOUSINE USD$492 per unit O/W +11% tax&lt;/li&gt;\r\n&lt;/ul&gt;\r\n&lt;p&gt;&amp;nbsp;&lt;/p&gt;\r\n&lt;ul&gt;\r\n&lt;li&gt;HELICOPTER USD$2900 per unit From Cancun&lt;/li&gt;\r\n&lt;/ul&gt;\r\n&lt;p&gt;&amp;nbsp;&lt;/p&gt;\r\n&lt;ul&gt;\r\n&lt;li&gt;PRIVATE PLANE USD$350 per person +11% tax + Airport tax From Cancun&lt;/li&gt;\r\n&lt;/ul&gt;\r\n&lt;p&gt;&amp;nbsp;&lt;/p&gt;', '0', '3', 'Tulum VIP Service | mayan ruins trips | tulum ruins tour', 'mayan tulum,tulum attractions,tulum ruins beach,mayan ruins trips,mayan ruins of tulum tours,mayan ruins tulum tours,tulum mayan ruins tours,tulum ruins tour,visit tulum,tulum tours from cancun', 'Tulum not only is the largest coastal archaeological site in Mexico, is one of the corners of the Caribbean where you can still enjoy the lush nature. ', '1'),
(55, 'Chichen Itza Express', '&lt;p&gt;Chichen Itza Express is designed for tourists that would like to&amp;nbsp;&lt;/p&gt;\r\n&lt;p&gt;earlier to their hotels to assist an event or who do not wish to&lt;/p&gt;\r\n&lt;p&gt;make a full day trip.&lt;/p&gt;', '&lt;p&gt;*Boxed Breakfast&lt;/p&gt;\r\n&lt;p&gt;*Entrance to Archeological Zone&amp;nbsp;&lt;/p&gt;', '*Stop Purchase handcrafts', '&lt;p&gt;Aproximately arrives to Chichen Itza at 10:45 where you have 2 hrs. in the archeological zone, of which you have&amp;nbsp;1 hr. is guided tour&amp;nbsp; and 1 hr. is free time&lt;/p&gt;\r\n&lt;p&gt;at 12:45 departure from Chichen Itza towards the Hotel Zone to arrive appoximately between 3:30PM and 4:00PM at the hotel lobby.&lt;/p&gt;', 'Tuesday and Thursday', '&lt;p&gt;Please take into account that we cannot guarantee a return&lt;/p&gt;\r\n&lt;p&gt;to the hotel before closing time of the lunch buffet for those&lt;/p&gt;\r\n&lt;p&gt;guests who are staying at an inclusive resort.&lt;/p&gt;', '79.00', '54.00', NULL, NULL, 'chichen-itza-express', 8, 'images/pictures/5595656.gif', 2, NULL, '0', '1', 'chichen-itza-express', NULL, NULL, '1'),
(56, 'Coba-Tankah', '&lt;p&gt;&lt;strong&gt;COBA - TANKAH&lt;/strong&gt;&lt;/p&gt;\r\n&lt;p&gt;Cob&amp;aacute; a magical place full of history.&lt;/p&gt;\r\n&lt;p&gt;The Great Pyramid &lt;strong&gt;Nohoch Mul &lt;/strong&gt;&quot;Large Hill&quot; is &lt;strong&gt;42mt. high&lt;/strong&gt;, this makes in the highest pyramyd in Yucatan Peninsula.&lt;/p&gt;\r\n&lt;p&gt;The five lakes of Coba are without a doubt the main reason why the Mayans settled here.&lt;/p&gt;\r\n&lt;p&gt;&lt;br /&gt;Coba Lagoon, Riviera Maya, Mexico&lt;/p&gt;\r\n&lt;p&gt;&lt;br /&gt;Coba reached its peak around 600 AD, yet it was mysteriously abandoned three hundred years later.&lt;/p&gt;\r\n&lt;p&gt;Some archaeological evidence suggests that around the 8th century, when the population of the city was at its peak, it may have had as many as 55,000 residents.&lt;/p&gt;\r\n&lt;p&gt;Coba&#039;s buildings are connected by a complex network of sacbes, or stone roads, that are believed to have been built between 600 and 800 BC. There are over 40 sacbes that cover approximately 100 km (63 miles). The sacbes reach other important Mayan cities, like &lt;strong&gt;Yaxuna&lt;/strong&gt;, near &lt;strong&gt;Chichen Itza&lt;/strong&gt;, &lt;strong&gt;Pole&lt;/strong&gt;, &lt;strong&gt;now called Xcaret&lt;/strong&gt;, and the &lt;strong&gt;Muyil&lt;/strong&gt;.&lt;/p&gt;\r\n&lt;p&gt;They are believed to have been used by the military and for trading, and sacbes were also used for various rituals and pilgrimages.&lt;/p&gt;', '&lt;ul&gt;\r\n&lt;li&gt;A/C Bus Pick up and Drop off at Hotel&lt;/li&gt;\r\n&lt;li&gt;Entrance at Ruins&lt;/li&gt;\r\n&lt;li&gt;Tou guide&lt;/li&gt;\r\n&lt;li&gt;Typical Buffet&lt;/li&gt;\r\n&lt;/ul&gt;\r\n&lt;p&gt;&amp;nbsp;&lt;/p&gt;', 'Sodas/ Souvenirs / Photo and Video Mayan Community / Tips', '&lt;ul&gt;\r\n&lt;li&gt;We arrive at Coba at 11am to start our 2hrs of guided tour of the area, with a guide who will assist the group all day long.&lt;/li&gt;\r\n&lt;li&gt;After the guided tour of the archeological site, we will visit the &lt;strong&gt;cenote&amp;nbsp;tankah &lt;/strong&gt;where guests can &lt;strong&gt;swim for 30 minutes &lt;/strong&gt;enjoying a beautiful cave with stalactites and stalagmites (snorkeling is not available). Guests will have to shower before entering the sinkhole&lt;/li&gt;\r\n&lt;li&gt;After having enjoying a refreshing swim at the cenote, we head for&amp;nbsp;a local restaurat to enjoy a delicious &lt;strong&gt;lunch buffet &lt;/strong&gt;(salad, spaguetti, rice, beans, various stews) and desserts.&lt;/li&gt;\r\n&lt;/ul&gt;', 'THURSDAY', '&lt;p&gt;Please Bring:&lt;/p&gt;\r\n&lt;ul&gt;\r\n&lt;li&gt;comfortable walking shoes and clothe&lt;/li&gt;\r\n&lt;li&gt;biodegradable sunscreen&lt;/li&gt;\r\n&lt;li&gt;biodegradable repellant&lt;/li&gt;\r\n&lt;li&gt;camera&lt;/li&gt;\r\n&lt;li&gt;cash for shopping and Tips&lt;/li&gt;\r\n&lt;/ul&gt;', '109.00', '76.00', NULL, NULL, 'coba-cenote-and-aktunchen-underground-walks', 8, 'images/pictures/5676783.gif', 1, NULL, '0', '1', 'Coba, Cenote & Aktunchen |coba cenote aktunchen | coba ruins', 'coba ruins tours,mayan tours cancun,coba cancun,coba mayan ruins,excursion coba,grand cenote,coba cenote aktunchen,coba tours,tour coba,cancun coba', 'for those who enjoy the unknown world of Mayan Ruins of Coba can get acquainted and explore. And discover the perfect balance between the ruins and cenote', '1'),
(57, 'Tulum Xtreme', '&lt;p&gt;&lt;span&gt;Join us on the perfect combination of culture and adventure surrounded by the natural beauties of the&amp;nbsp;&lt;/span&gt;&lt;strong&gt;Riviera Maya&lt;/strong&gt;&lt;span&gt;. We will take you to the heart of the Maya land and the majestic archeological site of&amp;nbsp;&lt;/span&gt;&lt;strong&gt;Tulum&lt;/strong&gt;&lt;span&gt;&amp;nbsp;with its spectacular views over the&amp;nbsp;&lt;/span&gt;&lt;strong&gt;Caribbean&lt;/strong&gt;&lt;span&gt;&amp;nbsp;waters. Experience the thrill of flying 20 m. ( 66 ft .) over the jungle canopy in the fastest zip-line circuit in the&amp;nbsp;&lt;/span&gt;&lt;strong&gt;Riviera Maya&lt;/strong&gt;&lt;span&gt;! We will prepare and gear you up to rappel 18 m. ( 60 ft.) intothe depths of a cenote. Swim and snorkel while exploring the astounding rock formations of a mystical Mayan underground river. A delicious typical Mexican lunch surrounded by the sounds of nature will await you at the end of your jungle adventure. Travel back in time and admire the beauty of the&amp;nbsp;&lt;/span&gt;&lt;a title=&quot;Aerial View of Tulum&quot; href=&quot;http://www.aventurasmayas.com/wp-content/uploads/2011/06/Tulum-Xtreme-Tulum-From-Air.jpg&quot; rel=&quot;wp-prettyPhoto&quot;&gt;archeological site of Tulum&lt;/a&gt;&lt;span&gt;, where a certified guide will make you feel part of history while you tour around this ceremonial center. Our guides will accompany you at all times sharing information regarding local traditions, flora and fauna, making sure you experience an&amp;nbsp;&lt;/span&gt;&lt;strong&gt;XTREME&lt;/strong&gt;&lt;span&gt;&amp;nbsp;day.&lt;/span&gt;&lt;/p&gt;', '&lt;p&gt;* Transportation in air-conditioned van&lt;/p&gt;\r\n&lt;p&gt;* Professional bilingual guide&lt;/p&gt;\r\n&lt;p&gt;* snorkeling &amp;amp; climing equipment&lt;/p&gt;\r\n&lt;p&gt;* Prescription mask available on request&lt;/p&gt;\r\n&lt;p&gt;* Lunch &amp;amp; beverages&amp;nbsp;&lt;/p&gt;\r\n&lt;p&gt;* Insurance&lt;/p&gt;\r\n&lt;p&gt;* Taxes&lt;/p&gt;', '* Photos \r\n* Tips', '&lt;p&gt;Pick up lobby at 7:30&lt;/p&gt;\r\n&lt;p&gt;tour estimate time 6 hr&amp;nbsp;&lt;/p&gt;', 'AVAILABLE', '&lt;ul&gt;\r\n&lt;li&gt;Basic swimming skills required.&lt;/li&gt;\r\n&lt;li&gt;This tour is not suitable for people with severe physical or motor handicap, serious heart problems, or people who are not able to handle moderate physical activity.&lt;/li&gt;\r\n&lt;li&gt;Children under the age of 6 may participate under the responsibility and direct supervision of a responsible parent or family member.&lt;/li&gt;\r\n&lt;li&gt;&lt;strong&gt;&lt;span&gt;People under the influence of alcohol or drugs will not be permitted to participate in this tour.&lt;/span&gt;&lt;/strong&gt;&lt;/li&gt;\r\n&lt;/ul&gt;\r\n&lt;div class=&quot;et-custom-list&quot;&gt;\r\n&lt;ul&gt;\r\n&lt;li&gt;Comfortable clothes and footwear&lt;/li&gt;\r\n&lt;li&gt;Water shoes&lt;/li&gt;\r\n&lt;li&gt;Sunglasses and a hat&lt;/li&gt;\r\n&lt;li&gt;Bathing suit&lt;/li&gt;\r\n&lt;li&gt;Extra T-shirt and&amp;nbsp;&lt;strong&gt;Towel&lt;/strong&gt;&lt;/li&gt;\r\n&lt;li&gt;&lt;strong&gt;BIODEGRADABLE sunscreen and mosquito repellent&lt;/strong&gt;&lt;/li&gt;\r\n&lt;/ul&gt;\r\n&lt;/div&gt;\r\n&lt;p&gt;&lt;strong&gt;&amp;nbsp;&lt;/strong&gt;&lt;/p&gt;', '0.00', '0.00', NULL, NULL, 'tulum-xtreme', 29, 'images/pictures/5764638.gif', 5, NULL, '0', '2', 'tulum xtreme', NULL, NULL, '1'),
(58, 'Chichen Itza Vip Service', '&lt;p&gt;&lt;strong&gt;Cultural Heritage of Yucatan, the Nation and mankind&lt;/strong&gt;&lt;/p&gt;\r\n&lt;p&gt;&lt;br /&gt;Chich&amp;eacute;n Itz&amp;aacute;, was named one of &lt;strong&gt;THE NEW 7 WONDERS OF THE WORLD&lt;/strong&gt;, the most famous Mayan temple city, served as the political and economic center of the Mayan civilization. Its various structures - the &lt;strong&gt;pyramid of Kukulkan, the Temple of Chac Mool, the Hall of the Thousand Pillars, and the Playing Field of the Prisoners &lt;/strong&gt;&amp;ndash; can still be seen today and are demostrative of an extraordinary commitment to architectural space and composition.&lt;/p&gt;\r\n&lt;p&gt;The pyramid itself was the last, and arguably the greatest, of all &lt;strong&gt;Mayan temples&lt;/strong&gt;.&lt;/p&gt;', '&lt;p&gt;&lt;strong&gt;SUBURBAN 1-5 passengers.&lt;/strong&gt;&lt;/p&gt;\r\n&lt;ul&gt;\r\n&lt;li&gt;Pickup at the Hotel&lt;/li&gt;\r\n&lt;li&gt;Entrance at the Ruins&lt;/li&gt;\r\n&lt;li&gt;&lt;strong&gt;+&lt;/strong&gt;90usd Tour guide&lt;/li&gt;\r\n&lt;li&gt;&lt;strong&gt;+&lt;/strong&gt;30usd per person Buffete&lt;/li&gt;\r\n&lt;li&gt;From Cancun and Playa del Carmen&lt;/li&gt;\r\n&lt;/ul&gt;\r\n&lt;p&gt;&lt;strong&gt;LIMOUSINE 1-12 passengers.&lt;/strong&gt;&lt;/p&gt;\r\n&lt;ul&gt;\r\n&lt;li&gt;Pickup at the Hotel&lt;/li&gt;\r\n&lt;li&gt;Entrance Ruins&lt;/li&gt;\r\n&lt;li&gt;&lt;strong&gt;+&lt;/strong&gt;90usd Tour guide&lt;/li&gt;\r\n&lt;li&gt;&lt;strong&gt;+&lt;/strong&gt;30usd per person&amp;nbsp;Buffete&lt;/li&gt;\r\n&lt;li&gt;From Cancun and Playa del Carmen&lt;/li&gt;\r\n&lt;/ul&gt;\r\n&lt;p&gt;&lt;strong&gt;HELICOPTER 1-4 passengers.&lt;/strong&gt;&lt;/p&gt;\r\n&lt;ul&gt;\r\n&lt;li&gt;Entrance Ruins&lt;/li&gt;\r\n&lt;li&gt;Tour guide&lt;/li&gt;\r\n&lt;li&gt;Buffet&lt;/li&gt;\r\n&lt;li&gt;From Cancun and Playa del Carmen&lt;/li&gt;\r\n&lt;/ul&gt;\r\n&lt;p&gt;&lt;strong&gt;PRIVATE PLANE 1-5 passengers&lt;/strong&gt;&lt;/p&gt;\r\n&lt;ul&gt;\r\n&lt;li&gt;Entrance Ruins&lt;/li&gt;\r\n&lt;li&gt;Tour guide&lt;/li&gt;\r\n&lt;li&gt;Buffet&lt;/li&gt;\r\n&lt;li&gt;From Cancun and From Playa del Carmen&lt;/li&gt;\r\n&lt;/ul&gt;\r\n&lt;p&gt;&amp;nbsp;&lt;/p&gt;', ' For Helicopter and Private Plane: Pickup at the Hotel', '&lt;ul&gt;\r\n&lt;li&gt;For Suburban and Limousine the itinerary is up to you.&lt;/li&gt;\r\n&lt;li&gt;For Helicopter: Leaving from: Cancun-Playa del Carmen,Tour Duration&amp;nbsp; 6 hr.&amp;nbsp; &lt;br /&gt;Flight Duration&amp;nbsp; 2:00 Hour Round Trip&amp;nbsp; &lt;br /&gt;Meals Buffett &lt;br /&gt;Transportation Included&amp;nbsp; &lt;br /&gt;Days Monday-Wednesday-Saturday &lt;/li&gt;\r\n&lt;li&gt;For Private Plane: Save the 3 - 4 hour bus ride. &lt;br /&gt;2.You won&#039;t have to go by a dozen other hotels to pick other people up.&lt;br /&gt;3.Arrive at the ruins early (9:00 am) before the crowds and the heat.&lt;br /&gt;4.A qualified multi-lingual guide leads only your small group, not a full bus load. &lt;br /&gt;5.Spend a full 3 hours at the ruins.&lt;br /&gt;6.Get back home by 2:30 pm and enjoy the afternoon on the beach, not in the bus&lt;/li&gt;\r\n&lt;/ul&gt;', 'DAILY / AVAILABILITY', '&lt;p&gt;&lt;strong&gt;Bring &lt;/strong&gt;&lt;/p&gt;\r\n&lt;ul&gt;\r\n&lt;li&gt;comfortable walking shoes and clothing, &lt;/li&gt;\r\n&lt;li&gt;biodegradable susncreen, &lt;/li&gt;\r\n&lt;li&gt;mosquito repellent, swim suit and towel, &lt;/li&gt;\r\n&lt;li&gt;if you want to swim at the Cenote, your swimsuit on&lt;/li&gt;\r\n&lt;li&gt;hat &lt;/li&gt;\r\n&lt;li&gt;money for shopping.&lt;/li&gt;\r\n&lt;/ul&gt;', '0.00', '0.00', NULL, NULL, 'chichen-itza-vip-service', 31, 'images/pictures/5864067.gif', 2, '&lt;ul&gt;\r\n&lt;li&gt;SUBURBAN USD$500 per unit&lt;/li&gt;\r\n&lt;/ul&gt;\r\n&lt;p&gt;&amp;nbsp;&lt;/p&gt;\r\n&lt;ul&gt;\r\n&lt;li&gt;LIMOUSINE USD$1,464 per unit&lt;/li&gt;\r\n&lt;/ul&gt;\r\n&lt;p&gt;&amp;nbsp;&lt;/p&gt;\r\n&lt;ul&gt;\r\n&lt;li&gt;HELICOPTER USD$3,900 per unit (from Cancun)&lt;/li&gt;\r\n&lt;/ul&gt;\r\n&lt;p&gt;&amp;nbsp;&lt;/p&gt;\r\n&lt;ul&gt;\r\n&lt;li&gt;PRIVATE PLANE USD$1,750 per unit +11%tax +airport tax.&lt;/li&gt;\r\n&lt;/ul&gt;', '0', '3', 'Chichen Itza Vip Service| mayan ruins | Vip Tour Service', 'chichen itza accommodation,chichen itza mayan ruins tour,visiting chichen itza,chichen itza description,chichen itza ruins tour,chichen itza day tour,getting to chichen itza,visit chichen itza,travel chichen itza,travel to chichen itza', 'Chichén Itzá,the most famous Mayan temple city, served as the political and economic center of the Mayan civilization. ', '1'),
(60, 'Coco Bongo Show &amp; Disco', '&lt;p&gt;&lt;strong&gt;YOU HAVE TO LIVE IT TO BELIEVE IT !!&lt;/strong&gt;&lt;/p&gt;\r\n&lt;p&gt;This is Cancun&amp;acute;s Party Arena!&lt;/p&gt;\r\n&lt;p&gt;Whit 1,800 people capacity is located in the heart of the busling hotel zone in Cancun and Playa del Carmen.&lt;/p&gt;\r\n&lt;p&gt;The multilevel seating and nightly Rock and Roll, Salsa, live Bands, Dj&amp;acute;s, movie clips projected on to high tech video screens make COCOBONGO the most exciting and unique club combine all this.&lt;/p&gt;\r\n&lt;p&gt;Taking sounds from the 70&amp;acute;s &amp;amp; 80&amp;acute;s Dance, Trance, Hip Hop, Rave and more!!!&lt;/p&gt;\r\n&lt;p&gt;It&amp;acute;s easy to see why COCOBONGO is the #1 rated dance floor.... is always full of Party!!!&lt;/p&gt;\r\n&lt;p&gt;Get Ready for flying acrobats, bar top conga lines, confetti, balloons, music, dance....&lt;/p&gt;\r\n&lt;p&gt;also we count with a special fare for tuesday...&lt;/p&gt;\r\n&lt;p&gt;you can enjoy of our shownight for 50 usd woman&amp;nbsp;and 60 usd man.&amp;nbsp;&lt;/p&gt;\r\n&lt;p&gt;&amp;nbsp;&lt;/p&gt;\r\n&lt;p&gt;&amp;nbsp;&amp;nbsp;&amp;nbsp;&amp;nbsp;&amp;nbsp;&amp;nbsp;&amp;nbsp;&amp;nbsp;&amp;nbsp;&amp;nbsp;&amp;nbsp;&amp;nbsp;&amp;nbsp;&amp;nbsp;&amp;nbsp;&amp;nbsp;&amp;nbsp;&amp;nbsp;&amp;nbsp;&amp;nbsp;&amp;nbsp;&amp;nbsp;&amp;nbsp;&amp;nbsp; &lt;strong&gt;PARTY - PARTY AND MORE PARTY !!!!&lt;/strong&gt;&lt;/p&gt;', '&lt;ul&gt;\r\n&lt;li&gt;Cover &amp;amp; Express Pass&lt;/li&gt;\r\n&lt;li&gt;Open Bar&lt;/li&gt;\r\n&lt;li&gt;Shows&lt;/li&gt;\r\n&lt;/ul&gt;', 'Ground Transportation\r\nPhoto and Video\r\nSouvenirs\r\nTips', '&lt;p&gt;Cocobongo Cancun&lt;/p&gt;\r\n&lt;ul&gt;\r\n&lt;li&gt;Open Bar 10:30 pm until 03:30 am&lt;/li&gt;\r\n&lt;/ul&gt;\r\n&lt;p&gt;Cocobongo Playa del Carmen&lt;/p&gt;\r\n&lt;ul&gt;\r\n&lt;li&gt;Open Bar 11:00 pm until 03:30 am&lt;/li&gt;\r\n&lt;/ul&gt;', 'DAILY / AVAILABILITY', '&lt;p&gt;&amp;nbsp;if you want to reserve for tuesday, you only have to contact us for make your reservation.&lt;/p&gt;\r\n&lt;p&gt;Shows starts at 11.00 pm&lt;/p&gt;\r\n&lt;p&gt;&lt;strong&gt;DON&amp;acute;T MISS THE BEST PARTY EVER!!&lt;/strong&gt;&lt;/p&gt;', '0.00', '0.00', NULL, NULL, 'coco-bongo-show-and-disco', 32, 'images/pictures/6005922.gif', 2, '&lt;p&gt;Cocobongo Cancun&lt;/p&gt;\r\n&lt;ul&gt;\r\n&lt;li&gt;Sunday to Thursday US$50 p/p&lt;/li&gt;\r\n&lt;li&gt;Friday and Saturday US$60 p/p&lt;/li&gt;\r\n&lt;/ul&gt;\r\n&lt;p&gt;Cocobongo Playa del Carmen&lt;/p&gt;\r\n&lt;ul&gt;\r\n&lt;li&gt;Monday to Thursday US$50 p/p&lt;/li&gt;\r\n&lt;li&gt;Friday and Saturday US$55 p/p&lt;/li&gt;\r\n&lt;/ul&gt;', '1', '0', 'Coco Bongo Show & Disco | cancun coco bongo | cancun shows			', 'coco bongo show,cancun shows,disco cancun,coco bongo nightclub,coco bongo night club,coco bongo cancun,cocobongo cancun,cancun party,discoteca cocobongo cancun,parties in cancun.', 'Located in the  hotel zone, nightly rock and salsa bands make Coco Bongo one of Cancun''s most exciting and unique clubs.extraordinary musical mix,70s and 80s.', '1'),
(61, 'Snorkel Xtreme', '&lt;p&gt;&lt;span&gt;Join us in a full day of excitement surrounded by the exotic natural beauties of the&amp;nbsp;&lt;/span&gt;&lt;strong&gt;Riviera Maya&lt;/strong&gt;&lt;span&gt;. We will take you to the middle of the jungle to experience the thrill of flying 20 m. (66 ft.) over the jungle&amp;nbsp;&lt;/span&gt;&lt;strong&gt;canopy&lt;/strong&gt;&lt;span&gt;&amp;nbsp;in the fastest zip-line circuit in the region! We will prepare and gear you up to rappel 18 m. ( 60 ft.) into the depths of a cenote. Swim and snorkel in crystal clear waters of a mystical Mayan underground river while exploring astounding rock formations. A delicious typical mexican lunch surrounded by the sounds of&amp;nbsp;&lt;/span&gt;&lt;strong&gt;nature&lt;/strong&gt;&lt;span&gt;&amp;nbsp;will await you at the end of your jungle adventure. We will take you on a short journey to our beach club in&amp;nbsp;&lt;/span&gt;&lt;strong&gt;Turtle Bay&lt;/strong&gt;&lt;span&gt;&amp;nbsp;where you will enjoy the best ocean snorkeling surrounded by marine turtles, afterwards you can relax in one of the most beautiful sandy beaches of the&lt;/span&gt;&lt;strong&gt;Riviera Maya&lt;/strong&gt;&lt;span&gt;.&lt;/span&gt;&lt;/p&gt;', '&lt;p&gt;* Transportation in air-conditioned van&lt;/p&gt;\r\n&lt;p&gt;* Professional bilingual guide&lt;/p&gt;\r\n&lt;p&gt;* snorkeling &amp;amp; climing equipment&lt;/p&gt;\r\n&lt;p&gt;* Prescription mask available on request&lt;/p&gt;\r\n&lt;p&gt;* Lunch &amp;amp; beverages&amp;nbsp;&lt;/p&gt;\r\n&lt;p&gt;* Insurance&lt;/p&gt;\r\n&lt;p&gt;* Taxes&lt;/p&gt;', '* Photos\r\n* Tips', '&lt;p&gt;Pick up lobby at 7:30&lt;/p&gt;\r\n&lt;p&gt;tour estimate time 6 hr&amp;nbsp;&lt;/p&gt;', 'DAILY / AVAILABLE', '&lt;ul&gt;\r\n&lt;li&gt;Comfortable clothes and footwear&lt;/li&gt;\r\n&lt;li&gt;Water shoes&lt;/li&gt;\r\n&lt;li&gt;Sunglasses and a hat&lt;/li&gt;\r\n&lt;li&gt;Bathing suit&lt;/li&gt;\r\n&lt;li&gt;Extra T-shirt and&amp;nbsp;&lt;strong&gt;Towel&lt;/strong&gt;&lt;/li&gt;\r\n&lt;li&gt;&lt;strong&gt;BIODEGRADABLE sunscreen and mosquito repellent&lt;/strong&gt;&lt;/li&gt;\r\n&lt;li&gt;Extra cash (tips, pictures).&lt;/li&gt;\r\n&lt;/ul&gt;\r\n&lt;ul&gt;\r\n&lt;li&gt;Basic swimming skills required.&lt;/li&gt;\r\n&lt;li&gt;This&amp;nbsp;&lt;strong&gt;tour&lt;/strong&gt;&amp;nbsp;is not suitable for people with severe physical or motor handicap, serious heart problems, or people who are not able to handle moderate physical activity.&lt;/li&gt;\r\n&lt;li&gt;Children under the age of 6 may participate under the responsibility and direct supervision of a responsible parent or family member.&lt;/li&gt;\r\n&lt;li&gt;&lt;strong&gt;&lt;span&gt;People under the influence of alcohol or drugs will not be permitted to participate in this&amp;nbsp;&lt;strong&gt;tour&lt;/strong&gt;.&lt;/span&gt;&lt;/strong&gt;&lt;/li&gt;\r\n&lt;/ul&gt;', '0.00', '0.00', NULL, NULL, 'snorkel-xtreme', 29, 'images/pictures/6121025.gif', 2, NULL, '0', '2', 'snorkel-xtreme', NULL, NULL, '1'),
(62, 'Paradise Reef Adventure', '&lt;p&gt;Discover a whole new world under the surface, Watch how we&amp;nbsp; feed the colorful fish in &lt;strong&gt;45 minutes &lt;/strong&gt;of great snorkel at each of our two locations. And weather permitting; treat yourself to a &lt;strong&gt;thrilling flight of a spinnaker.&lt;/strong&gt;&lt;/p&gt;\r\n&lt;p&gt;&lt;strong&gt;&amp;nbsp;&lt;/strong&gt;&lt;/p&gt;', '&lt;ul&gt;\r\n&lt;li&gt;Transportation&lt;/li&gt;\r\n&lt;li&gt;Tax&lt;/li&gt;\r\n&lt;li&gt;Local medical insurance&lt;/li&gt;\r\n&lt;li&gt;Soft drinks&lt;/li&gt;\r\n&lt;li&gt;Water&lt;/li&gt;\r\n&lt;li&gt;Chips and beans&lt;/li&gt;\r\n&lt;/ul&gt;', ' US$2 FEDERAL MARINE PARD AND DOCK FEE PAYABLE UPON CHECK IN', '&lt;ul&gt;\r\n&lt;li&gt;Three and a half aboard Trimar&amp;aacute;n or Catamar&amp;aacute;n, two locations of great snorkel weather permitting, treat yourself to a thrilling flight of a spinnaker.&lt;/li&gt;\r\n&lt;/ul&gt;', 'MONDAY TO SATURDAY', '&lt;p&gt;Bring comfortable wear, swimming gear, camera and extra cash for tips, pictures, souvenirs...&lt;/p&gt;\r\n&lt;p&gt;Aditional Services: Lockers, restaurants, bathrooms, medical services, showers, sunbeds, bar, boutique, masages, photo and video.&lt;/p&gt;\r\n&lt;p&gt;&amp;nbsp;Departures:&amp;nbsp; 9:30am and 1:30pm&lt;/p&gt;\r\n&lt;p style=&quot;text-align: center;&quot;&gt;&lt;span style=&quot;color: #ff0000;&quot;&gt;Kids under 5 years Free&lt;/span&gt;&lt;/p&gt;', '0.00', '0.00', NULL, NULL, 'paradise-reef-adventure', 25, 'images/pictures/3loqq0uminispinna.jpg', 2, NULL, '0', '1', 'Paradise Reef Adventure | sailing adventure tours', 'paradise adventure tours,scuba diving surfers paradise,sailing adventure tours,snorkeling excursion,sailing tour,snorkeling tou,reef adventure,snorkeling trips,sailing tours,reef snorkeling', 'On this tour you will discover a different world, discover a colorful world of the thousands of local and exotic fish. Do not miss the opportunity.', '1');

-- --------------------------------------------------------

--
-- Table structure for table `tour_dest`
--

CREATE TABLE IF NOT EXISTS `tour_dest` (
  `id` tinyint(3) unsigned NOT NULL AUTO_INCREMENT COMMENT 'Identificador único de filas de tour_dest.',
  `Tour_id` tinyint(3) unsigned NOT NULL COMMENT 'Identificador de tour.',
  `Name` varchar(100) DEFAULT NULL COMMENT 'Nombre del destino del tour.',
  `Image` varchar(50) CHARACTER SET utf8 DEFAULT NULL COMMENT 'Imagen que muestra en sitio web el destino del tour.',
  `category_id` tinyint(3) unsigned NOT NULL COMMENT 'Identificador de categories.',
  PRIMARY KEY (`id`),
  KEY `FK_tour_dest_has_tours_idx` (`Tour_id`),
  KEY `FK_tour_dest_has_categories_idx` (`category_id`)
) ENGINE=InnoDB DEFAULT CHARSET=latin1 AUTO_INCREMENT=1 ;

-- --------------------------------------------------------

--
-- Table structure for table `users`
--

CREATE TABLE IF NOT EXISTS `users` (
  `iduser` tinyint(3) unsigned NOT NULL AUTO_INCREMENT COMMENT 'Identificador de fila para cada registro de usuario.',
  `name` varchar(20) NOT NULL COMMENT 'Identificación de nombre de usuario.',
  `user` varchar(20) NOT NULL COMMENT 'Usuario para autenticación.',
  `password` varchar(20) NOT NULL COMMENT 'Contraseña para autenticación.',
  `activo` enum('0','1') NOT NULL DEFAULT '0' COMMENT 'Actividad de usuario, 0 no activo y 1 activo.',
  `nivel` enum('1','2','3') NOT NULL DEFAULT '3' COMMENT 'Nivel de autorización con permisos para 3 Cliente, 2 Operador y 1 Administrador.',
  PRIMARY KEY (`iduser`),
  UNIQUE KEY `password_UNIQUE` (`password`)
) ENGINE=MyISAM  DEFAULT CHARSET=latin1 AUTO_INCREMENT=5 ;

--
-- Dumping data for table `users`
--

INSERT INTO `users` (`iduser`, `name`, `user`, `password`, `activo`, `nivel`) VALUES
(1, 'Administrador', 'administrador', 'Qw34min', '1', '1'),
(2, 'Yuri', 'Yuri', 'yuri87()', '1', '2'),
(3, 'Customer Service', 'Customer', 'cus21pl', '1', '3'),
(4, 'Cristian M.', 'moreno', 'cmoreno24', '1', '3');

--
-- Constraints for dumped tables
--

--
-- Constraints for table `categories_tours`
--
ALTER TABLE `categories_tours`
  ADD CONSTRAINT `FK_categories_tours_has_categories` FOREIGN KEY (`category_id`) REFERENCES `categories` (`id`) ON DELETE CASCADE ON UPDATE CASCADE,
  ADD CONSTRAINT `FK_categories_tours_has_tours` FOREIGN KEY (`Tour_id`) REFERENCES `tours` (`id`) ON DELETE CASCADE ON UPDATE CASCADE;

--
-- Constraints for table `galleries`
--
ALTER TABLE `galleries`
  ADD CONSTRAINT `FK_galleries_has_tours` FOREIGN KEY (`Tour_id`) REFERENCES `tours` (`id`) ON DELETE CASCADE ON UPDATE CASCADE;

--
-- Constraints for table `rates_loc`
--
ALTER TABLE `rates_loc`
  ADD CONSTRAINT `FK_rates_loc_has_tours` FOREIGN KEY (`Tour_id`) REFERENCES `tours` (`id`) ON UPDATE CASCADE;

--
-- Constraints for table `rates_one`
--
ALTER TABLE `rates_one`
  ADD CONSTRAINT `FK_rates_one_has_tours` FOREIGN KEY (`Tour_id`) REFERENCES `tours` (`id`) ON UPDATE CASCADE;

--
-- Constraints for table `reservation`
--
ALTER TABLE `reservation`
  ADD CONSTRAINT `FK_reservation_has_rates_loc` FOREIGN KEY (`IdRatesLoc`) REFERENCES `rates_loc` (`id`) ON UPDATE CASCADE,
  ADD CONSTRAINT `FK_reservation_has_rates_one` FOREIGN KEY (`IdRatesOne`) REFERENCES `rates_one` (`id`) ON UPDATE CASCADE,
  ADD CONSTRAINT `FK_reservation_has_schedule` FOREIGN KEY (`Schedule`) REFERENCES `schedule` (`id`) ON UPDATE CASCADE,
  ADD CONSTRAINT `FK_reservation_has_tours` FOREIGN KEY (`Tour_id`) REFERENCES `tours` (`id`) ON UPDATE CASCADE;

--
-- Constraints for table `schedule`
--
ALTER TABLE `schedule`
  ADD CONSTRAINT `FK_schedule_has_tours` FOREIGN KEY (`Tour_id`) REFERENCES `tours` (`id`) ON UPDATE CASCADE;

--
-- Constraints for table `tours`
--
ALTER TABLE `tours`
  ADD CONSTRAINT `FK_tours_has_locations` FOREIGN KEY (`Location`) REFERENCES `locations` (`id`) ON UPDATE CASCADE,
  ADD CONSTRAINT `FK_tours_has_supplier` FOREIGN KEY (`Supplier`) REFERENCES `supplier` (`id`) ON UPDATE CASCADE;

--
-- Constraints for table `tour_dest`
--
ALTER TABLE `tour_dest`
  ADD CONSTRAINT `FK_tour_dest_has_categories` FOREIGN KEY (`category_id`) REFERENCES `categories` (`id`) ON UPDATE CASCADE,
  ADD CONSTRAINT `FK_tour_dest_has_tours` FOREIGN KEY (`Tour_id`) REFERENCES `tours` (`id`) ON UPDATE CASCADE;

/*!40101 SET CHARACTER_SET_CLIENT=@OLD_CHARACTER_SET_CLIENT */;
/*!40101 SET CHARACTER_SET_RESULTS=@OLD_CHARACTER_SET_RESULTS */;
/*!40101 SET COLLATION_CONNECTION=@OLD_COLLATION_CONNECTION */;
